/*
 Navicat Premium Data Transfer

 Source Server         : 127.0.0.1
 Source Server Type    : MySQL
 Source Server Version : 50553
 Source Host           : localhost:3306
 Source Schema         : wzhaopin

 Target Server Type    : MySQL
 Target Server Version : 50553
 File Encoding         : 65001

 Date: 17/01/2019 12:30:44
*/

SET NAMES utf8mb4;
SET FOREIGN_KEY_CHECKS = 0;

-- ----------------------------
-- Table structure for lc_auth_group
-- ----------------------------
DROP TABLE IF EXISTS `lc_auth_group`;
CREATE TABLE `lc_auth_group`  (
  `id` mediumint(8) UNSIGNED NOT NULL AUTO_INCREMENT,
  `title` char(100) CHARACTER SET utf8 COLLATE utf8_general_ci NOT NULL DEFAULT '',
  `status` tinyint(1) NOT NULL DEFAULT 1,
  `rules` varchar(255) CHARACTER SET utf8 COLLATE utf8_general_ci NOT NULL DEFAULT '',
  `rules2` varchar(255) CHARACTER SET utf8 COLLATE utf8_general_ci NOT NULL DEFAULT '' COMMENT '推荐专用字段（有值得时候代表招聘经纪人）',
  PRIMARY KEY (`id`) USING BTREE
) ENGINE = MyISAM AUTO_INCREMENT = 13 CHARACTER SET = utf8 COLLATE = utf8_general_ci ROW_FORMAT = Dynamic;

-- ----------------------------
-- Records of lc_auth_group
-- ----------------------------
INSERT INTO `lc_auth_group` VALUES (1, '超级管理员', 1, '1,2,3,4,5,6,7,8,9,12,13,14,15,16,18,19,20,21,22,23,54,28,29,30,31,32,33,34,35,36,37,38,56,61,57,58,59,60,62,63,65,66', '');
INSERT INTO `lc_auth_group` VALUES (10, '我要招聘', 1, '4,5,49,6,7,8,9,11,13,50,51,55,24,25,26,27,28,34,37,38,39,40,41,42,43', '');
INSERT INTO `lc_auth_group` VALUES (8, '我要求职', 1, '4,47,48,6,9,10,13,14,15,18,28,34,37,38,39,40,41,42,43,44', '');
INSERT INTO `lc_auth_group` VALUES (11, '我要推荐', 1, '1,2,3,4,5,49,6,8,9,11,12,13,50,51,55,19,20,21,22,23,28,31,33,34,35,37,38,39,40,41,42,43', '1,2,3,4,47,48,6,8,9,11,12,13,14,15,16,17,18,52,53,28,34,37,38,39,40,41,42,43');
INSERT INTO `lc_auth_group` VALUES (12, '财务', 1, '1,2,3,4,6,9,12,13,15,18,19,20,21,22,23,28,30,31,32,33,34,35,36,37,38,56,61,39,40,41,42,43', '');

-- ----------------------------
-- Table structure for lc_auth_group_access
-- ----------------------------
DROP TABLE IF EXISTS `lc_auth_group_access`;
CREATE TABLE `lc_auth_group_access`  (
  `uid` mediumint(8) UNSIGNED NOT NULL,
  `group_id` mediumint(8) UNSIGNED NOT NULL
) ENGINE = MyISAM CHARACTER SET = utf8 COLLATE = utf8_general_ci ROW_FORMAT = Fixed;

-- ----------------------------
-- Records of lc_auth_group_access
-- ----------------------------
INSERT INTO `lc_auth_group_access` VALUES (1, 1);
INSERT INTO `lc_auth_group_access` VALUES (2, 8);
INSERT INTO `lc_auth_group_access` VALUES (3, 8);
INSERT INTO `lc_auth_group_access` VALUES (4, 8);
INSERT INTO `lc_auth_group_access` VALUES (5, 8);
INSERT INTO `lc_auth_group_access` VALUES (6, 8);
INSERT INTO `lc_auth_group_access` VALUES (7, 8);
INSERT INTO `lc_auth_group_access` VALUES (8, 8);
INSERT INTO `lc_auth_group_access` VALUES (9, 8);
INSERT INTO `lc_auth_group_access` VALUES (11, 8);
INSERT INTO `lc_auth_group_access` VALUES (12, 8);
INSERT INTO `lc_auth_group_access` VALUES (14, 8);
INSERT INTO `lc_auth_group_access` VALUES (15, 8);
INSERT INTO `lc_auth_group_access` VALUES (16, 8);
INSERT INTO `lc_auth_group_access` VALUES (17, 8);
INSERT INTO `lc_auth_group_access` VALUES (19, 8);
INSERT INTO `lc_auth_group_access` VALUES (20, 8);
INSERT INTO `lc_auth_group_access` VALUES (21, 8);
INSERT INTO `lc_auth_group_access` VALUES (23, 8);
INSERT INTO `lc_auth_group_access` VALUES (24, 8);
INSERT INTO `lc_auth_group_access` VALUES (25, 8);
INSERT INTO `lc_auth_group_access` VALUES (27, 8);
INSERT INTO `lc_auth_group_access` VALUES (30, 8);
INSERT INTO `lc_auth_group_access` VALUES (31, 8);
INSERT INTO `lc_auth_group_access` VALUES (33, 8);
INSERT INTO `lc_auth_group_access` VALUES (34, 8);
INSERT INTO `lc_auth_group_access` VALUES (36, 8);
INSERT INTO `lc_auth_group_access` VALUES (37, 8);
INSERT INTO `lc_auth_group_access` VALUES (38, 8);
INSERT INTO `lc_auth_group_access` VALUES (39, 8);
INSERT INTO `lc_auth_group_access` VALUES (42, 8);
INSERT INTO `lc_auth_group_access` VALUES (44, 8);
INSERT INTO `lc_auth_group_access` VALUES (45, 8);
INSERT INTO `lc_auth_group_access` VALUES (46, 8);
INSERT INTO `lc_auth_group_access` VALUES (47, 8);
INSERT INTO `lc_auth_group_access` VALUES (48, 8);
INSERT INTO `lc_auth_group_access` VALUES (49, 8);
INSERT INTO `lc_auth_group_access` VALUES (50, 8);
INSERT INTO `lc_auth_group_access` VALUES (52, 8);
INSERT INTO `lc_auth_group_access` VALUES (53, 8);
INSERT INTO `lc_auth_group_access` VALUES (54, 8);
INSERT INTO `lc_auth_group_access` VALUES (55, 8);
INSERT INTO `lc_auth_group_access` VALUES (56, 8);
INSERT INTO `lc_auth_group_access` VALUES (58, 8);
INSERT INTO `lc_auth_group_access` VALUES (59, 8);
INSERT INTO `lc_auth_group_access` VALUES (61, 8);
INSERT INTO `lc_auth_group_access` VALUES (62, 8);
INSERT INTO `lc_auth_group_access` VALUES (63, 8);
INSERT INTO `lc_auth_group_access` VALUES (64, 8);
INSERT INTO `lc_auth_group_access` VALUES (69, 8);
INSERT INTO `lc_auth_group_access` VALUES (70, 8);
INSERT INTO `lc_auth_group_access` VALUES (71, 8);
INSERT INTO `lc_auth_group_access` VALUES (72, 8);
INSERT INTO `lc_auth_group_access` VALUES (73, 8);
INSERT INTO `lc_auth_group_access` VALUES (74, 8);
INSERT INTO `lc_auth_group_access` VALUES (77, 8);
INSERT INTO `lc_auth_group_access` VALUES (78, 8);
INSERT INTO `lc_auth_group_access` VALUES (81, 8);
INSERT INTO `lc_auth_group_access` VALUES (84, 8);
INSERT INTO `lc_auth_group_access` VALUES (85, 8);
INSERT INTO `lc_auth_group_access` VALUES (86, 8);
INSERT INTO `lc_auth_group_access` VALUES (87, 8);
INSERT INTO `lc_auth_group_access` VALUES (88, 8);
INSERT INTO `lc_auth_group_access` VALUES (89, 8);
INSERT INTO `lc_auth_group_access` VALUES (90, 8);
INSERT INTO `lc_auth_group_access` VALUES (91, 8);
INSERT INTO `lc_auth_group_access` VALUES (92, 8);
INSERT INTO `lc_auth_group_access` VALUES (98, 8);
INSERT INTO `lc_auth_group_access` VALUES (99, 8);
INSERT INTO `lc_auth_group_access` VALUES (100, 8);
INSERT INTO `lc_auth_group_access` VALUES (102, 8);
INSERT INTO `lc_auth_group_access` VALUES (103, 8);
INSERT INTO `lc_auth_group_access` VALUES (104, 8);
INSERT INTO `lc_auth_group_access` VALUES (105, 8);
INSERT INTO `lc_auth_group_access` VALUES (106, 8);
INSERT INTO `lc_auth_group_access` VALUES (107, 8);
INSERT INTO `lc_auth_group_access` VALUES (108, 8);
INSERT INTO `lc_auth_group_access` VALUES (109, 8);
INSERT INTO `lc_auth_group_access` VALUES (110, 8);
INSERT INTO `lc_auth_group_access` VALUES (111, 8);
INSERT INTO `lc_auth_group_access` VALUES (112, 8);
INSERT INTO `lc_auth_group_access` VALUES (113, 8);
INSERT INTO `lc_auth_group_access` VALUES (115, 8);
INSERT INTO `lc_auth_group_access` VALUES (116, 8);
INSERT INTO `lc_auth_group_access` VALUES (117, 8);
INSERT INTO `lc_auth_group_access` VALUES (118, 8);
INSERT INTO `lc_auth_group_access` VALUES (119, 8);
INSERT INTO `lc_auth_group_access` VALUES (120, 8);
INSERT INTO `lc_auth_group_access` VALUES (121, 8);
INSERT INTO `lc_auth_group_access` VALUES (123, 8);
INSERT INTO `lc_auth_group_access` VALUES (124, 8);
INSERT INTO `lc_auth_group_access` VALUES (125, 8);
INSERT INTO `lc_auth_group_access` VALUES (126, 8);
INSERT INTO `lc_auth_group_access` VALUES (127, 8);
INSERT INTO `lc_auth_group_access` VALUES (129, 8);
INSERT INTO `lc_auth_group_access` VALUES (130, 8);
INSERT INTO `lc_auth_group_access` VALUES (131, 8);
INSERT INTO `lc_auth_group_access` VALUES (132, 8);
INSERT INTO `lc_auth_group_access` VALUES (133, 8);
INSERT INTO `lc_auth_group_access` VALUES (136, 8);
INSERT INTO `lc_auth_group_access` VALUES (137, 8);
INSERT INTO `lc_auth_group_access` VALUES (138, 8);
INSERT INTO `lc_auth_group_access` VALUES (139, 8);
INSERT INTO `lc_auth_group_access` VALUES (140, 8);
INSERT INTO `lc_auth_group_access` VALUES (141, 8);
INSERT INTO `lc_auth_group_access` VALUES (142, 8);
INSERT INTO `lc_auth_group_access` VALUES (143, 8);
INSERT INTO `lc_auth_group_access` VALUES (144, 8);
INSERT INTO `lc_auth_group_access` VALUES (145, 8);
INSERT INTO `lc_auth_group_access` VALUES (146, 8);
INSERT INTO `lc_auth_group_access` VALUES (147, 8);
INSERT INTO `lc_auth_group_access` VALUES (148, 8);
INSERT INTO `lc_auth_group_access` VALUES (149, 8);
INSERT INTO `lc_auth_group_access` VALUES (150, 8);
INSERT INTO `lc_auth_group_access` VALUES (151, 8);
INSERT INTO `lc_auth_group_access` VALUES (152, 8);
INSERT INTO `lc_auth_group_access` VALUES (153, 8);
INSERT INTO `lc_auth_group_access` VALUES (154, 8);
INSERT INTO `lc_auth_group_access` VALUES (155, 8);
INSERT INTO `lc_auth_group_access` VALUES (156, 8);
INSERT INTO `lc_auth_group_access` VALUES (157, 8);
INSERT INTO `lc_auth_group_access` VALUES (158, 8);
INSERT INTO `lc_auth_group_access` VALUES (159, 8);
INSERT INTO `lc_auth_group_access` VALUES (160, 8);
INSERT INTO `lc_auth_group_access` VALUES (161, 8);
INSERT INTO `lc_auth_group_access` VALUES (162, 8);
INSERT INTO `lc_auth_group_access` VALUES (163, 8);
INSERT INTO `lc_auth_group_access` VALUES (164, 8);
INSERT INTO `lc_auth_group_access` VALUES (165, 8);
INSERT INTO `lc_auth_group_access` VALUES (166, 8);
INSERT INTO `lc_auth_group_access` VALUES (167, 8);
INSERT INTO `lc_auth_group_access` VALUES (168, 8);
INSERT INTO `lc_auth_group_access` VALUES (169, 8);
INSERT INTO `lc_auth_group_access` VALUES (170, 8);
INSERT INTO `lc_auth_group_access` VALUES (171, 8);
INSERT INTO `lc_auth_group_access` VALUES (172, 8);
INSERT INTO `lc_auth_group_access` VALUES (173, 8);
INSERT INTO `lc_auth_group_access` VALUES (174, 8);
INSERT INTO `lc_auth_group_access` VALUES (175, 8);
INSERT INTO `lc_auth_group_access` VALUES (176, 8);
INSERT INTO `lc_auth_group_access` VALUES (177, 8);
INSERT INTO `lc_auth_group_access` VALUES (178, 8);
INSERT INTO `lc_auth_group_access` VALUES (179, 8);
INSERT INTO `lc_auth_group_access` VALUES (180, 8);
INSERT INTO `lc_auth_group_access` VALUES (181, 8);
INSERT INTO `lc_auth_group_access` VALUES (182, 8);
INSERT INTO `lc_auth_group_access` VALUES (183, 8);
INSERT INTO `lc_auth_group_access` VALUES (184, 8);
INSERT INTO `lc_auth_group_access` VALUES (185, 8);
INSERT INTO `lc_auth_group_access` VALUES (186, 8);
INSERT INTO `lc_auth_group_access` VALUES (187, 8);
INSERT INTO `lc_auth_group_access` VALUES (188, 8);
INSERT INTO `lc_auth_group_access` VALUES (189, 8);
INSERT INTO `lc_auth_group_access` VALUES (190, 8);
INSERT INTO `lc_auth_group_access` VALUES (191, 8);
INSERT INTO `lc_auth_group_access` VALUES (192, 8);
INSERT INTO `lc_auth_group_access` VALUES (193, 8);
INSERT INTO `lc_auth_group_access` VALUES (194, 8);
INSERT INTO `lc_auth_group_access` VALUES (195, 8);
INSERT INTO `lc_auth_group_access` VALUES (196, 8);
INSERT INTO `lc_auth_group_access` VALUES (197, 8);
INSERT INTO `lc_auth_group_access` VALUES (198, 8);
INSERT INTO `lc_auth_group_access` VALUES (199, 8);
INSERT INTO `lc_auth_group_access` VALUES (200, 8);
INSERT INTO `lc_auth_group_access` VALUES (201, 8);
INSERT INTO `lc_auth_group_access` VALUES (202, 8);
INSERT INTO `lc_auth_group_access` VALUES (203, 8);
INSERT INTO `lc_auth_group_access` VALUES (204, 8);
INSERT INTO `lc_auth_group_access` VALUES (205, 8);
INSERT INTO `lc_auth_group_access` VALUES (206, 8);
INSERT INTO `lc_auth_group_access` VALUES (207, 8);
INSERT INTO `lc_auth_group_access` VALUES (208, 8);
INSERT INTO `lc_auth_group_access` VALUES (209, 8);
INSERT INTO `lc_auth_group_access` VALUES (210, 8);
INSERT INTO `lc_auth_group_access` VALUES (211, 8);
INSERT INTO `lc_auth_group_access` VALUES (212, 8);
INSERT INTO `lc_auth_group_access` VALUES (213, 8);
INSERT INTO `lc_auth_group_access` VALUES (214, 8);
INSERT INTO `lc_auth_group_access` VALUES (215, 8);
INSERT INTO `lc_auth_group_access` VALUES (216, 8);
INSERT INTO `lc_auth_group_access` VALUES (217, 8);
INSERT INTO `lc_auth_group_access` VALUES (218, 8);
INSERT INTO `lc_auth_group_access` VALUES (219, 8);
INSERT INTO `lc_auth_group_access` VALUES (220, 8);
INSERT INTO `lc_auth_group_access` VALUES (221, 8);
INSERT INTO `lc_auth_group_access` VALUES (222, 8);
INSERT INTO `lc_auth_group_access` VALUES (223, 8);
INSERT INTO `lc_auth_group_access` VALUES (224, 8);
INSERT INTO `lc_auth_group_access` VALUES (225, 8);
INSERT INTO `lc_auth_group_access` VALUES (226, 8);
INSERT INTO `lc_auth_group_access` VALUES (227, 8);
INSERT INTO `lc_auth_group_access` VALUES (228, 8);
INSERT INTO `lc_auth_group_access` VALUES (229, 8);
INSERT INTO `lc_auth_group_access` VALUES (230, 8);
INSERT INTO `lc_auth_group_access` VALUES (231, 8);
INSERT INTO `lc_auth_group_access` VALUES (232, 8);
INSERT INTO `lc_auth_group_access` VALUES (233, 8);
INSERT INTO `lc_auth_group_access` VALUES (234, 8);
INSERT INTO `lc_auth_group_access` VALUES (235, 8);
INSERT INTO `lc_auth_group_access` VALUES (236, 8);
INSERT INTO `lc_auth_group_access` VALUES (237, 8);
INSERT INTO `lc_auth_group_access` VALUES (238, 8);
INSERT INTO `lc_auth_group_access` VALUES (239, 8);
INSERT INTO `lc_auth_group_access` VALUES (240, 8);
INSERT INTO `lc_auth_group_access` VALUES (241, 8);
INSERT INTO `lc_auth_group_access` VALUES (242, 8);
INSERT INTO `lc_auth_group_access` VALUES (243, 8);
INSERT INTO `lc_auth_group_access` VALUES (244, 8);
INSERT INTO `lc_auth_group_access` VALUES (245, 8);
INSERT INTO `lc_auth_group_access` VALUES (246, 8);
INSERT INTO `lc_auth_group_access` VALUES (247, 8);
INSERT INTO `lc_auth_group_access` VALUES (248, 8);
INSERT INTO `lc_auth_group_access` VALUES (249, 8);
INSERT INTO `lc_auth_group_access` VALUES (250, 8);
INSERT INTO `lc_auth_group_access` VALUES (251, 8);
INSERT INTO `lc_auth_group_access` VALUES (252, 8);
INSERT INTO `lc_auth_group_access` VALUES (253, 8);
INSERT INTO `lc_auth_group_access` VALUES (254, 8);
INSERT INTO `lc_auth_group_access` VALUES (255, 8);
INSERT INTO `lc_auth_group_access` VALUES (256, 8);
INSERT INTO `lc_auth_group_access` VALUES (257, 8);
INSERT INTO `lc_auth_group_access` VALUES (258, 8);
INSERT INTO `lc_auth_group_access` VALUES (259, 8);
INSERT INTO `lc_auth_group_access` VALUES (260, 8);
INSERT INTO `lc_auth_group_access` VALUES (261, 8);
INSERT INTO `lc_auth_group_access` VALUES (262, 8);
INSERT INTO `lc_auth_group_access` VALUES (263, 8);
INSERT INTO `lc_auth_group_access` VALUES (264, 8);
INSERT INTO `lc_auth_group_access` VALUES (265, 8);
INSERT INTO `lc_auth_group_access` VALUES (266, 8);
INSERT INTO `lc_auth_group_access` VALUES (267, 8);
INSERT INTO `lc_auth_group_access` VALUES (268, 8);
INSERT INTO `lc_auth_group_access` VALUES (269, 8);
INSERT INTO `lc_auth_group_access` VALUES (270, 8);
INSERT INTO `lc_auth_group_access` VALUES (271, 8);
INSERT INTO `lc_auth_group_access` VALUES (272, 8);
INSERT INTO `lc_auth_group_access` VALUES (273, 8);
INSERT INTO `lc_auth_group_access` VALUES (274, 8);
INSERT INTO `lc_auth_group_access` VALUES (275, 8);
INSERT INTO `lc_auth_group_access` VALUES (276, 8);
INSERT INTO `lc_auth_group_access` VALUES (277, 8);
INSERT INTO `lc_auth_group_access` VALUES (278, 8);
INSERT INTO `lc_auth_group_access` VALUES (279, 8);
INSERT INTO `lc_auth_group_access` VALUES (280, 8);
INSERT INTO `lc_auth_group_access` VALUES (281, 8);
INSERT INTO `lc_auth_group_access` VALUES (282, 8);
INSERT INTO `lc_auth_group_access` VALUES (283, 8);
INSERT INTO `lc_auth_group_access` VALUES (284, 8);
INSERT INTO `lc_auth_group_access` VALUES (285, 8);
INSERT INTO `lc_auth_group_access` VALUES (286, 8);
INSERT INTO `lc_auth_group_access` VALUES (287, 8);
INSERT INTO `lc_auth_group_access` VALUES (288, 8);
INSERT INTO `lc_auth_group_access` VALUES (289, 8);
INSERT INTO `lc_auth_group_access` VALUES (290, 8);
INSERT INTO `lc_auth_group_access` VALUES (291, 8);
INSERT INTO `lc_auth_group_access` VALUES (292, 8);
INSERT INTO `lc_auth_group_access` VALUES (293, 8);
INSERT INTO `lc_auth_group_access` VALUES (294, 8);
INSERT INTO `lc_auth_group_access` VALUES (295, 8);
INSERT INTO `lc_auth_group_access` VALUES (296, 8);
INSERT INTO `lc_auth_group_access` VALUES (297, 8);
INSERT INTO `lc_auth_group_access` VALUES (298, 8);
INSERT INTO `lc_auth_group_access` VALUES (299, 8);
INSERT INTO `lc_auth_group_access` VALUES (300, 8);
INSERT INTO `lc_auth_group_access` VALUES (301, 8);
INSERT INTO `lc_auth_group_access` VALUES (302, 8);
INSERT INTO `lc_auth_group_access` VALUES (303, 8);
INSERT INTO `lc_auth_group_access` VALUES (304, 8);
INSERT INTO `lc_auth_group_access` VALUES (305, 8);
INSERT INTO `lc_auth_group_access` VALUES (306, 8);
INSERT INTO `lc_auth_group_access` VALUES (307, 8);
INSERT INTO `lc_auth_group_access` VALUES (308, 8);
INSERT INTO `lc_auth_group_access` VALUES (309, 8);
INSERT INTO `lc_auth_group_access` VALUES (310, 8);
INSERT INTO `lc_auth_group_access` VALUES (311, 8);
INSERT INTO `lc_auth_group_access` VALUES (312, 8);
INSERT INTO `lc_auth_group_access` VALUES (313, 8);
INSERT INTO `lc_auth_group_access` VALUES (314, 8);
INSERT INTO `lc_auth_group_access` VALUES (315, 8);
INSERT INTO `lc_auth_group_access` VALUES (316, 8);
INSERT INTO `lc_auth_group_access` VALUES (317, 8);
INSERT INTO `lc_auth_group_access` VALUES (318, 8);
INSERT INTO `lc_auth_group_access` VALUES (319, 8);
INSERT INTO `lc_auth_group_access` VALUES (320, 8);
INSERT INTO `lc_auth_group_access` VALUES (321, 8);
INSERT INTO `lc_auth_group_access` VALUES (322, 8);
INSERT INTO `lc_auth_group_access` VALUES (323, 8);
INSERT INTO `lc_auth_group_access` VALUES (324, 8);
INSERT INTO `lc_auth_group_access` VALUES (326, 8);
INSERT INTO `lc_auth_group_access` VALUES (327, 8);
INSERT INTO `lc_auth_group_access` VALUES (328, 8);
INSERT INTO `lc_auth_group_access` VALUES (329, 8);
INSERT INTO `lc_auth_group_access` VALUES (330, 8);
INSERT INTO `lc_auth_group_access` VALUES (331, 8);
INSERT INTO `lc_auth_group_access` VALUES (332, 8);
INSERT INTO `lc_auth_group_access` VALUES (333, 8);
INSERT INTO `lc_auth_group_access` VALUES (334, 8);
INSERT INTO `lc_auth_group_access` VALUES (335, 8);
INSERT INTO `lc_auth_group_access` VALUES (336, 8);
INSERT INTO `lc_auth_group_access` VALUES (337, 8);
INSERT INTO `lc_auth_group_access` VALUES (338, 8);
INSERT INTO `lc_auth_group_access` VALUES (339, 8);
INSERT INTO `lc_auth_group_access` VALUES (340, 8);
INSERT INTO `lc_auth_group_access` VALUES (341, 8);
INSERT INTO `lc_auth_group_access` VALUES (342, 8);
INSERT INTO `lc_auth_group_access` VALUES (343, 8);
INSERT INTO `lc_auth_group_access` VALUES (344, 8);
INSERT INTO `lc_auth_group_access` VALUES (345, 8);
INSERT INTO `lc_auth_group_access` VALUES (346, 8);
INSERT INTO `lc_auth_group_access` VALUES (347, 8);
INSERT INTO `lc_auth_group_access` VALUES (348, 8);
INSERT INTO `lc_auth_group_access` VALUES (349, 8);
INSERT INTO `lc_auth_group_access` VALUES (350, 8);
INSERT INTO `lc_auth_group_access` VALUES (351, 8);
INSERT INTO `lc_auth_group_access` VALUES (352, 8);
INSERT INTO `lc_auth_group_access` VALUES (353, 8);
INSERT INTO `lc_auth_group_access` VALUES (354, 8);
INSERT INTO `lc_auth_group_access` VALUES (355, 8);
INSERT INTO `lc_auth_group_access` VALUES (356, 8);
INSERT INTO `lc_auth_group_access` VALUES (357, 8);
INSERT INTO `lc_auth_group_access` VALUES (358, 8);
INSERT INTO `lc_auth_group_access` VALUES (359, 8);
INSERT INTO `lc_auth_group_access` VALUES (360, 8);
INSERT INTO `lc_auth_group_access` VALUES (361, 8);
INSERT INTO `lc_auth_group_access` VALUES (362, 8);
INSERT INTO `lc_auth_group_access` VALUES (363, 8);
INSERT INTO `lc_auth_group_access` VALUES (364, 8);
INSERT INTO `lc_auth_group_access` VALUES (365, 8);
INSERT INTO `lc_auth_group_access` VALUES (366, 8);
INSERT INTO `lc_auth_group_access` VALUES (367, 8);
INSERT INTO `lc_auth_group_access` VALUES (368, 8);
INSERT INTO `lc_auth_group_access` VALUES (369, 8);
INSERT INTO `lc_auth_group_access` VALUES (370, 8);
INSERT INTO `lc_auth_group_access` VALUES (371, 8);
INSERT INTO `lc_auth_group_access` VALUES (372, 8);
INSERT INTO `lc_auth_group_access` VALUES (373, 8);
INSERT INTO `lc_auth_group_access` VALUES (374, 8);
INSERT INTO `lc_auth_group_access` VALUES (375, 8);
INSERT INTO `lc_auth_group_access` VALUES (376, 8);
INSERT INTO `lc_auth_group_access` VALUES (377, 8);
INSERT INTO `lc_auth_group_access` VALUES (378, 8);
INSERT INTO `lc_auth_group_access` VALUES (379, 8);
INSERT INTO `lc_auth_group_access` VALUES (380, 8);
INSERT INTO `lc_auth_group_access` VALUES (381, 8);
INSERT INTO `lc_auth_group_access` VALUES (382, 8);
INSERT INTO `lc_auth_group_access` VALUES (383, 8);
INSERT INTO `lc_auth_group_access` VALUES (384, 8);
INSERT INTO `lc_auth_group_access` VALUES (385, 8);
INSERT INTO `lc_auth_group_access` VALUES (386, 8);
INSERT INTO `lc_auth_group_access` VALUES (387, 8);
INSERT INTO `lc_auth_group_access` VALUES (388, 8);
INSERT INTO `lc_auth_group_access` VALUES (389, 8);
INSERT INTO `lc_auth_group_access` VALUES (390, 8);
INSERT INTO `lc_auth_group_access` VALUES (391, 8);
INSERT INTO `lc_auth_group_access` VALUES (392, 8);
INSERT INTO `lc_auth_group_access` VALUES (393, 8);
INSERT INTO `lc_auth_group_access` VALUES (394, 8);
INSERT INTO `lc_auth_group_access` VALUES (395, 8);
INSERT INTO `lc_auth_group_access` VALUES (396, 8);
INSERT INTO `lc_auth_group_access` VALUES (397, 8);
INSERT INTO `lc_auth_group_access` VALUES (398, 8);
INSERT INTO `lc_auth_group_access` VALUES (399, 8);
INSERT INTO `lc_auth_group_access` VALUES (400, 8);
INSERT INTO `lc_auth_group_access` VALUES (401, 8);
INSERT INTO `lc_auth_group_access` VALUES (402, 8);
INSERT INTO `lc_auth_group_access` VALUES (403, 8);
INSERT INTO `lc_auth_group_access` VALUES (404, 8);
INSERT INTO `lc_auth_group_access` VALUES (405, 8);
INSERT INTO `lc_auth_group_access` VALUES (406, 8);
INSERT INTO `lc_auth_group_access` VALUES (407, 8);
INSERT INTO `lc_auth_group_access` VALUES (408, 8);
INSERT INTO `lc_auth_group_access` VALUES (409, 8);
INSERT INTO `lc_auth_group_access` VALUES (410, 8);
INSERT INTO `lc_auth_group_access` VALUES (411, 8);
INSERT INTO `lc_auth_group_access` VALUES (412, 8);
INSERT INTO `lc_auth_group_access` VALUES (413, 8);
INSERT INTO `lc_auth_group_access` VALUES (414, 8);
INSERT INTO `lc_auth_group_access` VALUES (415, 8);
INSERT INTO `lc_auth_group_access` VALUES (416, 8);
INSERT INTO `lc_auth_group_access` VALUES (417, 8);
INSERT INTO `lc_auth_group_access` VALUES (418, 8);
INSERT INTO `lc_auth_group_access` VALUES (419, 8);
INSERT INTO `lc_auth_group_access` VALUES (420, 8);
INSERT INTO `lc_auth_group_access` VALUES (421, 8);
INSERT INTO `lc_auth_group_access` VALUES (422, 8);
INSERT INTO `lc_auth_group_access` VALUES (423, 8);
INSERT INTO `lc_auth_group_access` VALUES (424, 8);
INSERT INTO `lc_auth_group_access` VALUES (425, 8);
INSERT INTO `lc_auth_group_access` VALUES (426, 8);
INSERT INTO `lc_auth_group_access` VALUES (427, 8);
INSERT INTO `lc_auth_group_access` VALUES (428, 8);
INSERT INTO `lc_auth_group_access` VALUES (429, 8);
INSERT INTO `lc_auth_group_access` VALUES (430, 8);
INSERT INTO `lc_auth_group_access` VALUES (431, 8);
INSERT INTO `lc_auth_group_access` VALUES (432, 8);
INSERT INTO `lc_auth_group_access` VALUES (433, 8);
INSERT INTO `lc_auth_group_access` VALUES (434, 8);
INSERT INTO `lc_auth_group_access` VALUES (435, 8);
INSERT INTO `lc_auth_group_access` VALUES (436, 8);
INSERT INTO `lc_auth_group_access` VALUES (437, 8);
INSERT INTO `lc_auth_group_access` VALUES (438, 8);
INSERT INTO `lc_auth_group_access` VALUES (439, 8);
INSERT INTO `lc_auth_group_access` VALUES (440, 8);
INSERT INTO `lc_auth_group_access` VALUES (441, 8);
INSERT INTO `lc_auth_group_access` VALUES (442, 8);
INSERT INTO `lc_auth_group_access` VALUES (443, 8);
INSERT INTO `lc_auth_group_access` VALUES (444, 8);
INSERT INTO `lc_auth_group_access` VALUES (445, 8);
INSERT INTO `lc_auth_group_access` VALUES (446, 8);
INSERT INTO `lc_auth_group_access` VALUES (447, 8);
INSERT INTO `lc_auth_group_access` VALUES (448, 8);
INSERT INTO `lc_auth_group_access` VALUES (449, 8);
INSERT INTO `lc_auth_group_access` VALUES (450, 8);
INSERT INTO `lc_auth_group_access` VALUES (451, 8);
INSERT INTO `lc_auth_group_access` VALUES (452, 8);
INSERT INTO `lc_auth_group_access` VALUES (453, 8);
INSERT INTO `lc_auth_group_access` VALUES (454, 8);
INSERT INTO `lc_auth_group_access` VALUES (455, 8);
INSERT INTO `lc_auth_group_access` VALUES (456, 8);
INSERT INTO `lc_auth_group_access` VALUES (457, 8);
INSERT INTO `lc_auth_group_access` VALUES (458, 8);
INSERT INTO `lc_auth_group_access` VALUES (459, 8);
INSERT INTO `lc_auth_group_access` VALUES (460, 8);
INSERT INTO `lc_auth_group_access` VALUES (461, 8);
INSERT INTO `lc_auth_group_access` VALUES (462, 8);
INSERT INTO `lc_auth_group_access` VALUES (463, 8);
INSERT INTO `lc_auth_group_access` VALUES (464, 8);
INSERT INTO `lc_auth_group_access` VALUES (465, 8);
INSERT INTO `lc_auth_group_access` VALUES (466, 8);
INSERT INTO `lc_auth_group_access` VALUES (467, 8);
INSERT INTO `lc_auth_group_access` VALUES (468, 8);
INSERT INTO `lc_auth_group_access` VALUES (469, 8);
INSERT INTO `lc_auth_group_access` VALUES (470, 8);
INSERT INTO `lc_auth_group_access` VALUES (471, 8);
INSERT INTO `lc_auth_group_access` VALUES (472, 8);
INSERT INTO `lc_auth_group_access` VALUES (473, 8);
INSERT INTO `lc_auth_group_access` VALUES (474, 8);
INSERT INTO `lc_auth_group_access` VALUES (475, 8);
INSERT INTO `lc_auth_group_access` VALUES (476, 8);
INSERT INTO `lc_auth_group_access` VALUES (477, 8);
INSERT INTO `lc_auth_group_access` VALUES (478, 8);
INSERT INTO `lc_auth_group_access` VALUES (479, 8);
INSERT INTO `lc_auth_group_access` VALUES (480, 8);
INSERT INTO `lc_auth_group_access` VALUES (481, 8);
INSERT INTO `lc_auth_group_access` VALUES (482, 8);
INSERT INTO `lc_auth_group_access` VALUES (483, 8);
INSERT INTO `lc_auth_group_access` VALUES (484, 8);
INSERT INTO `lc_auth_group_access` VALUES (485, 8);
INSERT INTO `lc_auth_group_access` VALUES (486, 8);
INSERT INTO `lc_auth_group_access` VALUES (487, 8);
INSERT INTO `lc_auth_group_access` VALUES (488, 8);
INSERT INTO `lc_auth_group_access` VALUES (489, 8);
INSERT INTO `lc_auth_group_access` VALUES (490, 8);
INSERT INTO `lc_auth_group_access` VALUES (491, 8);
INSERT INTO `lc_auth_group_access` VALUES (492, 8);
INSERT INTO `lc_auth_group_access` VALUES (493, 8);
INSERT INTO `lc_auth_group_access` VALUES (494, 8);
INSERT INTO `lc_auth_group_access` VALUES (495, 8);
INSERT INTO `lc_auth_group_access` VALUES (496, 8);
INSERT INTO `lc_auth_group_access` VALUES (497, 8);
INSERT INTO `lc_auth_group_access` VALUES (498, 8);
INSERT INTO `lc_auth_group_access` VALUES (499, 8);
INSERT INTO `lc_auth_group_access` VALUES (500, 8);
INSERT INTO `lc_auth_group_access` VALUES (501, 8);
INSERT INTO `lc_auth_group_access` VALUES (502, 8);
INSERT INTO `lc_auth_group_access` VALUES (503, 8);
INSERT INTO `lc_auth_group_access` VALUES (504, 8);
INSERT INTO `lc_auth_group_access` VALUES (505, 8);
INSERT INTO `lc_auth_group_access` VALUES (506, 8);
INSERT INTO `lc_auth_group_access` VALUES (507, 8);
INSERT INTO `lc_auth_group_access` VALUES (508, 8);
INSERT INTO `lc_auth_group_access` VALUES (509, 8);
INSERT INTO `lc_auth_group_access` VALUES (510, 8);
INSERT INTO `lc_auth_group_access` VALUES (511, 8);
INSERT INTO `lc_auth_group_access` VALUES (512, 8);
INSERT INTO `lc_auth_group_access` VALUES (513, 8);
INSERT INTO `lc_auth_group_access` VALUES (514, 8);
INSERT INTO `lc_auth_group_access` VALUES (515, 8);
INSERT INTO `lc_auth_group_access` VALUES (516, 8);
INSERT INTO `lc_auth_group_access` VALUES (517, 8);
INSERT INTO `lc_auth_group_access` VALUES (518, 8);
INSERT INTO `lc_auth_group_access` VALUES (519, 8);
INSERT INTO `lc_auth_group_access` VALUES (520, 8);
INSERT INTO `lc_auth_group_access` VALUES (521, 8);
INSERT INTO `lc_auth_group_access` VALUES (522, 8);
INSERT INTO `lc_auth_group_access` VALUES (523, 8);
INSERT INTO `lc_auth_group_access` VALUES (524, 8);
INSERT INTO `lc_auth_group_access` VALUES (525, 8);
INSERT INTO `lc_auth_group_access` VALUES (526, 8);
INSERT INTO `lc_auth_group_access` VALUES (527, 8);
INSERT INTO `lc_auth_group_access` VALUES (528, 8);
INSERT INTO `lc_auth_group_access` VALUES (529, 8);
INSERT INTO `lc_auth_group_access` VALUES (530, 8);
INSERT INTO `lc_auth_group_access` VALUES (531, 8);
INSERT INTO `lc_auth_group_access` VALUES (532, 8);
INSERT INTO `lc_auth_group_access` VALUES (533, 8);
INSERT INTO `lc_auth_group_access` VALUES (534, 8);
INSERT INTO `lc_auth_group_access` VALUES (535, 8);
INSERT INTO `lc_auth_group_access` VALUES (536, 8);
INSERT INTO `lc_auth_group_access` VALUES (537, 8);
INSERT INTO `lc_auth_group_access` VALUES (538, 8);
INSERT INTO `lc_auth_group_access` VALUES (539, 8);
INSERT INTO `lc_auth_group_access` VALUES (540, 8);
INSERT INTO `lc_auth_group_access` VALUES (541, 8);
INSERT INTO `lc_auth_group_access` VALUES (542, 8);
INSERT INTO `lc_auth_group_access` VALUES (543, 8);
INSERT INTO `lc_auth_group_access` VALUES (544, 8);
INSERT INTO `lc_auth_group_access` VALUES (545, 8);
INSERT INTO `lc_auth_group_access` VALUES (546, 8);
INSERT INTO `lc_auth_group_access` VALUES (547, 8);
INSERT INTO `lc_auth_group_access` VALUES (548, 8);
INSERT INTO `lc_auth_group_access` VALUES (549, 8);
INSERT INTO `lc_auth_group_access` VALUES (550, 8);
INSERT INTO `lc_auth_group_access` VALUES (551, 8);
INSERT INTO `lc_auth_group_access` VALUES (552, 8);
INSERT INTO `lc_auth_group_access` VALUES (553, 8);
INSERT INTO `lc_auth_group_access` VALUES (554, 8);
INSERT INTO `lc_auth_group_access` VALUES (555, 8);
INSERT INTO `lc_auth_group_access` VALUES (556, 8);
INSERT INTO `lc_auth_group_access` VALUES (557, 8);
INSERT INTO `lc_auth_group_access` VALUES (558, 8);
INSERT INTO `lc_auth_group_access` VALUES (559, 8);
INSERT INTO `lc_auth_group_access` VALUES (560, 8);
INSERT INTO `lc_auth_group_access` VALUES (561, 8);
INSERT INTO `lc_auth_group_access` VALUES (562, 8);
INSERT INTO `lc_auth_group_access` VALUES (563, 8);
INSERT INTO `lc_auth_group_access` VALUES (564, 8);
INSERT INTO `lc_auth_group_access` VALUES (565, 8);
INSERT INTO `lc_auth_group_access` VALUES (566, 8);
INSERT INTO `lc_auth_group_access` VALUES (567, 8);
INSERT INTO `lc_auth_group_access` VALUES (568, 8);
INSERT INTO `lc_auth_group_access` VALUES (569, 8);
INSERT INTO `lc_auth_group_access` VALUES (570, 8);
INSERT INTO `lc_auth_group_access` VALUES (571, 8);
INSERT INTO `lc_auth_group_access` VALUES (572, 8);
INSERT INTO `lc_auth_group_access` VALUES (573, 8);
INSERT INTO `lc_auth_group_access` VALUES (574, 8);
INSERT INTO `lc_auth_group_access` VALUES (575, 8);
INSERT INTO `lc_auth_group_access` VALUES (576, 8);
INSERT INTO `lc_auth_group_access` VALUES (577, 8);
INSERT INTO `lc_auth_group_access` VALUES (578, 8);
INSERT INTO `lc_auth_group_access` VALUES (579, 8);
INSERT INTO `lc_auth_group_access` VALUES (580, 8);
INSERT INTO `lc_auth_group_access` VALUES (581, 8);
INSERT INTO `lc_auth_group_access` VALUES (582, 8);
INSERT INTO `lc_auth_group_access` VALUES (583, 8);
INSERT INTO `lc_auth_group_access` VALUES (584, 8);
INSERT INTO `lc_auth_group_access` VALUES (585, 8);
INSERT INTO `lc_auth_group_access` VALUES (586, 8);
INSERT INTO `lc_auth_group_access` VALUES (587, 8);
INSERT INTO `lc_auth_group_access` VALUES (588, 8);
INSERT INTO `lc_auth_group_access` VALUES (589, 8);
INSERT INTO `lc_auth_group_access` VALUES (590, 8);
INSERT INTO `lc_auth_group_access` VALUES (591, 8);
INSERT INTO `lc_auth_group_access` VALUES (592, 8);
INSERT INTO `lc_auth_group_access` VALUES (593, 8);
INSERT INTO `lc_auth_group_access` VALUES (594, 8);
INSERT INTO `lc_auth_group_access` VALUES (595, 8);
INSERT INTO `lc_auth_group_access` VALUES (596, 8);
INSERT INTO `lc_auth_group_access` VALUES (597, 8);
INSERT INTO `lc_auth_group_access` VALUES (598, 8);
INSERT INTO `lc_auth_group_access` VALUES (599, 8);
INSERT INTO `lc_auth_group_access` VALUES (600, 8);
INSERT INTO `lc_auth_group_access` VALUES (601, 8);
INSERT INTO `lc_auth_group_access` VALUES (602, 8);
INSERT INTO `lc_auth_group_access` VALUES (603, 8);
INSERT INTO `lc_auth_group_access` VALUES (604, 8);
INSERT INTO `lc_auth_group_access` VALUES (605, 8);
INSERT INTO `lc_auth_group_access` VALUES (606, 8);
INSERT INTO `lc_auth_group_access` VALUES (607, 8);
INSERT INTO `lc_auth_group_access` VALUES (608, 8);
INSERT INTO `lc_auth_group_access` VALUES (609, 8);
INSERT INTO `lc_auth_group_access` VALUES (610, 8);
INSERT INTO `lc_auth_group_access` VALUES (611, 8);
INSERT INTO `lc_auth_group_access` VALUES (612, 8);
INSERT INTO `lc_auth_group_access` VALUES (613, 8);
INSERT INTO `lc_auth_group_access` VALUES (614, 8);
INSERT INTO `lc_auth_group_access` VALUES (615, 8);
INSERT INTO `lc_auth_group_access` VALUES (616, 8);
INSERT INTO `lc_auth_group_access` VALUES (617, 8);
INSERT INTO `lc_auth_group_access` VALUES (618, 8);
INSERT INTO `lc_auth_group_access` VALUES (619, 8);
INSERT INTO `lc_auth_group_access` VALUES (620, 8);
INSERT INTO `lc_auth_group_access` VALUES (621, 8);
INSERT INTO `lc_auth_group_access` VALUES (622, 8);
INSERT INTO `lc_auth_group_access` VALUES (623, 8);
INSERT INTO `lc_auth_group_access` VALUES (624, 8);
INSERT INTO `lc_auth_group_access` VALUES (625, 8);
INSERT INTO `lc_auth_group_access` VALUES (626, 8);
INSERT INTO `lc_auth_group_access` VALUES (627, 8);
INSERT INTO `lc_auth_group_access` VALUES (628, 8);
INSERT INTO `lc_auth_group_access` VALUES (629, 8);
INSERT INTO `lc_auth_group_access` VALUES (630, 8);
INSERT INTO `lc_auth_group_access` VALUES (631, 8);
INSERT INTO `lc_auth_group_access` VALUES (632, 8);
INSERT INTO `lc_auth_group_access` VALUES (633, 8);
INSERT INTO `lc_auth_group_access` VALUES (634, 8);
INSERT INTO `lc_auth_group_access` VALUES (635, 8);
INSERT INTO `lc_auth_group_access` VALUES (636, 8);
INSERT INTO `lc_auth_group_access` VALUES (637, 8);
INSERT INTO `lc_auth_group_access` VALUES (638, 8);
INSERT INTO `lc_auth_group_access` VALUES (639, 8);
INSERT INTO `lc_auth_group_access` VALUES (640, 8);
INSERT INTO `lc_auth_group_access` VALUES (641, 8);
INSERT INTO `lc_auth_group_access` VALUES (642, 8);
INSERT INTO `lc_auth_group_access` VALUES (643, 8);
INSERT INTO `lc_auth_group_access` VALUES (644, 8);
INSERT INTO `lc_auth_group_access` VALUES (645, 8);
INSERT INTO `lc_auth_group_access` VALUES (646, 8);
INSERT INTO `lc_auth_group_access` VALUES (647, 8);
INSERT INTO `lc_auth_group_access` VALUES (648, 8);
INSERT INTO `lc_auth_group_access` VALUES (649, 8);
INSERT INTO `lc_auth_group_access` VALUES (650, 8);
INSERT INTO `lc_auth_group_access` VALUES (651, 8);
INSERT INTO `lc_auth_group_access` VALUES (652, 8);
INSERT INTO `lc_auth_group_access` VALUES (653, 8);
INSERT INTO `lc_auth_group_access` VALUES (654, 8);
INSERT INTO `lc_auth_group_access` VALUES (655, 8);
INSERT INTO `lc_auth_group_access` VALUES (656, 8);
INSERT INTO `lc_auth_group_access` VALUES (657, 8);
INSERT INTO `lc_auth_group_access` VALUES (658, 8);
INSERT INTO `lc_auth_group_access` VALUES (659, 8);
INSERT INTO `lc_auth_group_access` VALUES (660, 8);
INSERT INTO `lc_auth_group_access` VALUES (661, 8);
INSERT INTO `lc_auth_group_access` VALUES (662, 8);
INSERT INTO `lc_auth_group_access` VALUES (663, 8);
INSERT INTO `lc_auth_group_access` VALUES (664, 8);
INSERT INTO `lc_auth_group_access` VALUES (665, 8);
INSERT INTO `lc_auth_group_access` VALUES (666, 8);
INSERT INTO `lc_auth_group_access` VALUES (667, 8);
INSERT INTO `lc_auth_group_access` VALUES (668, 8);
INSERT INTO `lc_auth_group_access` VALUES (669, 8);
INSERT INTO `lc_auth_group_access` VALUES (670, 8);
INSERT INTO `lc_auth_group_access` VALUES (671, 8);
INSERT INTO `lc_auth_group_access` VALUES (672, 8);
INSERT INTO `lc_auth_group_access` VALUES (673, 8);
INSERT INTO `lc_auth_group_access` VALUES (674, 8);
INSERT INTO `lc_auth_group_access` VALUES (675, 8);
INSERT INTO `lc_auth_group_access` VALUES (676, 8);
INSERT INTO `lc_auth_group_access` VALUES (677, 8);
INSERT INTO `lc_auth_group_access` VALUES (678, 8);
INSERT INTO `lc_auth_group_access` VALUES (679, 8);
INSERT INTO `lc_auth_group_access` VALUES (680, 8);
INSERT INTO `lc_auth_group_access` VALUES (681, 8);
INSERT INTO `lc_auth_group_access` VALUES (682, 8);
INSERT INTO `lc_auth_group_access` VALUES (683, 8);
INSERT INTO `lc_auth_group_access` VALUES (684, 8);
INSERT INTO `lc_auth_group_access` VALUES (685, 8);
INSERT INTO `lc_auth_group_access` VALUES (686, 8);
INSERT INTO `lc_auth_group_access` VALUES (688, 8);
INSERT INTO `lc_auth_group_access` VALUES (689, 8);
INSERT INTO `lc_auth_group_access` VALUES (690, 8);
INSERT INTO `lc_auth_group_access` VALUES (691, 8);
INSERT INTO `lc_auth_group_access` VALUES (692, 8);
INSERT INTO `lc_auth_group_access` VALUES (693, 8);
INSERT INTO `lc_auth_group_access` VALUES (694, 8);
INSERT INTO `lc_auth_group_access` VALUES (695, 8);
INSERT INTO `lc_auth_group_access` VALUES (696, 8);
INSERT INTO `lc_auth_group_access` VALUES (697, 8);
INSERT INTO `lc_auth_group_access` VALUES (698, 8);
INSERT INTO `lc_auth_group_access` VALUES (699, 8);
INSERT INTO `lc_auth_group_access` VALUES (700, 8);
INSERT INTO `lc_auth_group_access` VALUES (701, 8);
INSERT INTO `lc_auth_group_access` VALUES (702, 8);
INSERT INTO `lc_auth_group_access` VALUES (703, 8);
INSERT INTO `lc_auth_group_access` VALUES (704, 8);
INSERT INTO `lc_auth_group_access` VALUES (706, 8);
INSERT INTO `lc_auth_group_access` VALUES (707, 8);
INSERT INTO `lc_auth_group_access` VALUES (708, 8);
INSERT INTO `lc_auth_group_access` VALUES (709, 8);
INSERT INTO `lc_auth_group_access` VALUES (710, 8);
INSERT INTO `lc_auth_group_access` VALUES (711, 8);
INSERT INTO `lc_auth_group_access` VALUES (712, 8);
INSERT INTO `lc_auth_group_access` VALUES (713, 8);
INSERT INTO `lc_auth_group_access` VALUES (714, 8);
INSERT INTO `lc_auth_group_access` VALUES (715, 8);
INSERT INTO `lc_auth_group_access` VALUES (716, 8);
INSERT INTO `lc_auth_group_access` VALUES (717, 8);
INSERT INTO `lc_auth_group_access` VALUES (718, 8);
INSERT INTO `lc_auth_group_access` VALUES (719, 8);
INSERT INTO `lc_auth_group_access` VALUES (720, 8);
INSERT INTO `lc_auth_group_access` VALUES (721, 8);
INSERT INTO `lc_auth_group_access` VALUES (722, 8);
INSERT INTO `lc_auth_group_access` VALUES (723, 8);
INSERT INTO `lc_auth_group_access` VALUES (724, 8);
INSERT INTO `lc_auth_group_access` VALUES (725, 8);
INSERT INTO `lc_auth_group_access` VALUES (726, 8);
INSERT INTO `lc_auth_group_access` VALUES (727, 8);
INSERT INTO `lc_auth_group_access` VALUES (728, 8);
INSERT INTO `lc_auth_group_access` VALUES (729, 8);
INSERT INTO `lc_auth_group_access` VALUES (730, 8);
INSERT INTO `lc_auth_group_access` VALUES (731, 8);
INSERT INTO `lc_auth_group_access` VALUES (732, 8);
INSERT INTO `lc_auth_group_access` VALUES (733, 8);
INSERT INTO `lc_auth_group_access` VALUES (734, 8);
INSERT INTO `lc_auth_group_access` VALUES (735, 8);
INSERT INTO `lc_auth_group_access` VALUES (736, 8);
INSERT INTO `lc_auth_group_access` VALUES (737, 8);
INSERT INTO `lc_auth_group_access` VALUES (738, 8);
INSERT INTO `lc_auth_group_access` VALUES (739, 8);
INSERT INTO `lc_auth_group_access` VALUES (740, 8);
INSERT INTO `lc_auth_group_access` VALUES (741, 8);
INSERT INTO `lc_auth_group_access` VALUES (742, 8);
INSERT INTO `lc_auth_group_access` VALUES (743, 8);
INSERT INTO `lc_auth_group_access` VALUES (744, 8);
INSERT INTO `lc_auth_group_access` VALUES (745, 8);
INSERT INTO `lc_auth_group_access` VALUES (746, 8);
INSERT INTO `lc_auth_group_access` VALUES (747, 8);
INSERT INTO `lc_auth_group_access` VALUES (748, 8);
INSERT INTO `lc_auth_group_access` VALUES (749, 8);
INSERT INTO `lc_auth_group_access` VALUES (750, 8);
INSERT INTO `lc_auth_group_access` VALUES (751, 8);
INSERT INTO `lc_auth_group_access` VALUES (752, 8);
INSERT INTO `lc_auth_group_access` VALUES (753, 8);
INSERT INTO `lc_auth_group_access` VALUES (754, 8);
INSERT INTO `lc_auth_group_access` VALUES (755, 8);
INSERT INTO `lc_auth_group_access` VALUES (756, 8);
INSERT INTO `lc_auth_group_access` VALUES (757, 8);
INSERT INTO `lc_auth_group_access` VALUES (758, 8);
INSERT INTO `lc_auth_group_access` VALUES (759, 8);
INSERT INTO `lc_auth_group_access` VALUES (760, 8);
INSERT INTO `lc_auth_group_access` VALUES (761, 8);
INSERT INTO `lc_auth_group_access` VALUES (762, 8);
INSERT INTO `lc_auth_group_access` VALUES (763, 8);
INSERT INTO `lc_auth_group_access` VALUES (764, 8);
INSERT INTO `lc_auth_group_access` VALUES (765, 8);
INSERT INTO `lc_auth_group_access` VALUES (766, 8);
INSERT INTO `lc_auth_group_access` VALUES (767, 8);
INSERT INTO `lc_auth_group_access` VALUES (768, 8);
INSERT INTO `lc_auth_group_access` VALUES (769, 8);
INSERT INTO `lc_auth_group_access` VALUES (770, 8);
INSERT INTO `lc_auth_group_access` VALUES (771, 8);
INSERT INTO `lc_auth_group_access` VALUES (772, 8);
INSERT INTO `lc_auth_group_access` VALUES (773, 8);
INSERT INTO `lc_auth_group_access` VALUES (774, 8);
INSERT INTO `lc_auth_group_access` VALUES (775, 8);
INSERT INTO `lc_auth_group_access` VALUES (776, 8);
INSERT INTO `lc_auth_group_access` VALUES (777, 8);
INSERT INTO `lc_auth_group_access` VALUES (778, 8);
INSERT INTO `lc_auth_group_access` VALUES (779, 8);
INSERT INTO `lc_auth_group_access` VALUES (780, 8);
INSERT INTO `lc_auth_group_access` VALUES (781, 8);
INSERT INTO `lc_auth_group_access` VALUES (782, 8);
INSERT INTO `lc_auth_group_access` VALUES (783, 8);
INSERT INTO `lc_auth_group_access` VALUES (784, 8);
INSERT INTO `lc_auth_group_access` VALUES (785, 8);
INSERT INTO `lc_auth_group_access` VALUES (786, 8);
INSERT INTO `lc_auth_group_access` VALUES (787, 8);
INSERT INTO `lc_auth_group_access` VALUES (788, 8);
INSERT INTO `lc_auth_group_access` VALUES (789, 8);
INSERT INTO `lc_auth_group_access` VALUES (790, 8);
INSERT INTO `lc_auth_group_access` VALUES (791, 8);
INSERT INTO `lc_auth_group_access` VALUES (792, 8);
INSERT INTO `lc_auth_group_access` VALUES (793, 8);
INSERT INTO `lc_auth_group_access` VALUES (794, 8);
INSERT INTO `lc_auth_group_access` VALUES (795, 8);
INSERT INTO `lc_auth_group_access` VALUES (796, 8);
INSERT INTO `lc_auth_group_access` VALUES (797, 8);
INSERT INTO `lc_auth_group_access` VALUES (798, 8);
INSERT INTO `lc_auth_group_access` VALUES (799, 8);
INSERT INTO `lc_auth_group_access` VALUES (800, 8);
INSERT INTO `lc_auth_group_access` VALUES (801, 8);
INSERT INTO `lc_auth_group_access` VALUES (802, 8);
INSERT INTO `lc_auth_group_access` VALUES (803, 8);
INSERT INTO `lc_auth_group_access` VALUES (804, 8);
INSERT INTO `lc_auth_group_access` VALUES (805, 8);
INSERT INTO `lc_auth_group_access` VALUES (806, 8);
INSERT INTO `lc_auth_group_access` VALUES (807, 8);
INSERT INTO `lc_auth_group_access` VALUES (808, 8);
INSERT INTO `lc_auth_group_access` VALUES (809, 8);
INSERT INTO `lc_auth_group_access` VALUES (810, 8);
INSERT INTO `lc_auth_group_access` VALUES (811, 8);
INSERT INTO `lc_auth_group_access` VALUES (812, 8);
INSERT INTO `lc_auth_group_access` VALUES (813, 8);
INSERT INTO `lc_auth_group_access` VALUES (814, 8);
INSERT INTO `lc_auth_group_access` VALUES (815, 8);
INSERT INTO `lc_auth_group_access` VALUES (816, 8);
INSERT INTO `lc_auth_group_access` VALUES (817, 8);
INSERT INTO `lc_auth_group_access` VALUES (818, 8);
INSERT INTO `lc_auth_group_access` VALUES (819, 8);
INSERT INTO `lc_auth_group_access` VALUES (820, 8);
INSERT INTO `lc_auth_group_access` VALUES (821, 8);
INSERT INTO `lc_auth_group_access` VALUES (822, 8);
INSERT INTO `lc_auth_group_access` VALUES (823, 8);
INSERT INTO `lc_auth_group_access` VALUES (824, 8);
INSERT INTO `lc_auth_group_access` VALUES (825, 8);
INSERT INTO `lc_auth_group_access` VALUES (826, 8);
INSERT INTO `lc_auth_group_access` VALUES (827, 8);
INSERT INTO `lc_auth_group_access` VALUES (828, 8);
INSERT INTO `lc_auth_group_access` VALUES (829, 8);
INSERT INTO `lc_auth_group_access` VALUES (830, 8);
INSERT INTO `lc_auth_group_access` VALUES (831, 8);
INSERT INTO `lc_auth_group_access` VALUES (832, 8);
INSERT INTO `lc_auth_group_access` VALUES (833, 8);
INSERT INTO `lc_auth_group_access` VALUES (834, 8);
INSERT INTO `lc_auth_group_access` VALUES (835, 8);
INSERT INTO `lc_auth_group_access` VALUES (836, 8);
INSERT INTO `lc_auth_group_access` VALUES (837, 8);
INSERT INTO `lc_auth_group_access` VALUES (838, 8);
INSERT INTO `lc_auth_group_access` VALUES (839, 8);
INSERT INTO `lc_auth_group_access` VALUES (840, 8);
INSERT INTO `lc_auth_group_access` VALUES (841, 8);
INSERT INTO `lc_auth_group_access` VALUES (842, 8);
INSERT INTO `lc_auth_group_access` VALUES (843, 8);
INSERT INTO `lc_auth_group_access` VALUES (844, 8);
INSERT INTO `lc_auth_group_access` VALUES (845, 8);
INSERT INTO `lc_auth_group_access` VALUES (846, 8);
INSERT INTO `lc_auth_group_access` VALUES (847, 8);
INSERT INTO `lc_auth_group_access` VALUES (848, 8);
INSERT INTO `lc_auth_group_access` VALUES (849, 8);
INSERT INTO `lc_auth_group_access` VALUES (850, 8);
INSERT INTO `lc_auth_group_access` VALUES (851, 8);
INSERT INTO `lc_auth_group_access` VALUES (852, 8);
INSERT INTO `lc_auth_group_access` VALUES (853, 8);
INSERT INTO `lc_auth_group_access` VALUES (854, 8);
INSERT INTO `lc_auth_group_access` VALUES (855, 8);
INSERT INTO `lc_auth_group_access` VALUES (856, 8);
INSERT INTO `lc_auth_group_access` VALUES (857, 8);
INSERT INTO `lc_auth_group_access` VALUES (858, 8);
INSERT INTO `lc_auth_group_access` VALUES (859, 8);
INSERT INTO `lc_auth_group_access` VALUES (860, 8);
INSERT INTO `lc_auth_group_access` VALUES (861, 8);
INSERT INTO `lc_auth_group_access` VALUES (862, 8);
INSERT INTO `lc_auth_group_access` VALUES (863, 8);
INSERT INTO `lc_auth_group_access` VALUES (864, 8);
INSERT INTO `lc_auth_group_access` VALUES (865, 8);
INSERT INTO `lc_auth_group_access` VALUES (866, 8);
INSERT INTO `lc_auth_group_access` VALUES (867, 8);
INSERT INTO `lc_auth_group_access` VALUES (868, 8);
INSERT INTO `lc_auth_group_access` VALUES (869, 8);
INSERT INTO `lc_auth_group_access` VALUES (870, 8);
INSERT INTO `lc_auth_group_access` VALUES (871, 8);
INSERT INTO `lc_auth_group_access` VALUES (872, 8);
INSERT INTO `lc_auth_group_access` VALUES (873, 8);
INSERT INTO `lc_auth_group_access` VALUES (874, 8);
INSERT INTO `lc_auth_group_access` VALUES (875, 8);
INSERT INTO `lc_auth_group_access` VALUES (876, 8);
INSERT INTO `lc_auth_group_access` VALUES (877, 8);
INSERT INTO `lc_auth_group_access` VALUES (878, 8);
INSERT INTO `lc_auth_group_access` VALUES (879, 8);
INSERT INTO `lc_auth_group_access` VALUES (880, 8);
INSERT INTO `lc_auth_group_access` VALUES (881, 8);
INSERT INTO `lc_auth_group_access` VALUES (882, 8);
INSERT INTO `lc_auth_group_access` VALUES (883, 8);
INSERT INTO `lc_auth_group_access` VALUES (884, 8);
INSERT INTO `lc_auth_group_access` VALUES (885, 8);
INSERT INTO `lc_auth_group_access` VALUES (886, 8);
INSERT INTO `lc_auth_group_access` VALUES (887, 8);
INSERT INTO `lc_auth_group_access` VALUES (888, 8);
INSERT INTO `lc_auth_group_access` VALUES (889, 8);
INSERT INTO `lc_auth_group_access` VALUES (890, 8);
INSERT INTO `lc_auth_group_access` VALUES (891, 8);
INSERT INTO `lc_auth_group_access` VALUES (892, 8);
INSERT INTO `lc_auth_group_access` VALUES (893, 8);
INSERT INTO `lc_auth_group_access` VALUES (894, 8);
INSERT INTO `lc_auth_group_access` VALUES (895, 8);
INSERT INTO `lc_auth_group_access` VALUES (896, 8);
INSERT INTO `lc_auth_group_access` VALUES (897, 8);
INSERT INTO `lc_auth_group_access` VALUES (898, 8);
INSERT INTO `lc_auth_group_access` VALUES (899, 8);
INSERT INTO `lc_auth_group_access` VALUES (900, 8);
INSERT INTO `lc_auth_group_access` VALUES (901, 8);
INSERT INTO `lc_auth_group_access` VALUES (902, 8);
INSERT INTO `lc_auth_group_access` VALUES (903, 8);
INSERT INTO `lc_auth_group_access` VALUES (904, 8);
INSERT INTO `lc_auth_group_access` VALUES (905, 8);
INSERT INTO `lc_auth_group_access` VALUES (906, 8);
INSERT INTO `lc_auth_group_access` VALUES (907, 8);
INSERT INTO `lc_auth_group_access` VALUES (908, 8);
INSERT INTO `lc_auth_group_access` VALUES (909, 8);
INSERT INTO `lc_auth_group_access` VALUES (910, 8);
INSERT INTO `lc_auth_group_access` VALUES (911, 8);
INSERT INTO `lc_auth_group_access` VALUES (912, 8);
INSERT INTO `lc_auth_group_access` VALUES (913, 8);
INSERT INTO `lc_auth_group_access` VALUES (914, 8);
INSERT INTO `lc_auth_group_access` VALUES (915, 8);
INSERT INTO `lc_auth_group_access` VALUES (916, 8);
INSERT INTO `lc_auth_group_access` VALUES (917, 8);
INSERT INTO `lc_auth_group_access` VALUES (918, 8);
INSERT INTO `lc_auth_group_access` VALUES (919, 8);
INSERT INTO `lc_auth_group_access` VALUES (920, 8);
INSERT INTO `lc_auth_group_access` VALUES (921, 8);
INSERT INTO `lc_auth_group_access` VALUES (922, 8);
INSERT INTO `lc_auth_group_access` VALUES (923, 8);
INSERT INTO `lc_auth_group_access` VALUES (924, 8);
INSERT INTO `lc_auth_group_access` VALUES (925, 8);
INSERT INTO `lc_auth_group_access` VALUES (926, 8);
INSERT INTO `lc_auth_group_access` VALUES (927, 8);
INSERT INTO `lc_auth_group_access` VALUES (928, 8);
INSERT INTO `lc_auth_group_access` VALUES (929, 8);
INSERT INTO `lc_auth_group_access` VALUES (930, 8);
INSERT INTO `lc_auth_group_access` VALUES (931, 8);
INSERT INTO `lc_auth_group_access` VALUES (932, 8);
INSERT INTO `lc_auth_group_access` VALUES (933, 8);
INSERT INTO `lc_auth_group_access` VALUES (934, 8);
INSERT INTO `lc_auth_group_access` VALUES (935, 8);
INSERT INTO `lc_auth_group_access` VALUES (936, 8);
INSERT INTO `lc_auth_group_access` VALUES (937, 8);
INSERT INTO `lc_auth_group_access` VALUES (938, 8);
INSERT INTO `lc_auth_group_access` VALUES (939, 8);
INSERT INTO `lc_auth_group_access` VALUES (940, 8);
INSERT INTO `lc_auth_group_access` VALUES (941, 8);
INSERT INTO `lc_auth_group_access` VALUES (942, 8);
INSERT INTO `lc_auth_group_access` VALUES (943, 8);
INSERT INTO `lc_auth_group_access` VALUES (944, 8);
INSERT INTO `lc_auth_group_access` VALUES (945, 8);
INSERT INTO `lc_auth_group_access` VALUES (946, 8);
INSERT INTO `lc_auth_group_access` VALUES (947, 8);
INSERT INTO `lc_auth_group_access` VALUES (948, 8);
INSERT INTO `lc_auth_group_access` VALUES (949, 8);
INSERT INTO `lc_auth_group_access` VALUES (950, 8);
INSERT INTO `lc_auth_group_access` VALUES (951, 8);
INSERT INTO `lc_auth_group_access` VALUES (952, 8);
INSERT INTO `lc_auth_group_access` VALUES (953, 8);
INSERT INTO `lc_auth_group_access` VALUES (954, 8);
INSERT INTO `lc_auth_group_access` VALUES (955, 8);
INSERT INTO `lc_auth_group_access` VALUES (956, 8);
INSERT INTO `lc_auth_group_access` VALUES (957, 8);
INSERT INTO `lc_auth_group_access` VALUES (958, 8);
INSERT INTO `lc_auth_group_access` VALUES (959, 8);
INSERT INTO `lc_auth_group_access` VALUES (960, 8);
INSERT INTO `lc_auth_group_access` VALUES (961, 8);
INSERT INTO `lc_auth_group_access` VALUES (962, 8);
INSERT INTO `lc_auth_group_access` VALUES (963, 8);
INSERT INTO `lc_auth_group_access` VALUES (964, 8);
INSERT INTO `lc_auth_group_access` VALUES (965, 8);
INSERT INTO `lc_auth_group_access` VALUES (966, 8);
INSERT INTO `lc_auth_group_access` VALUES (967, 8);
INSERT INTO `lc_auth_group_access` VALUES (968, 8);
INSERT INTO `lc_auth_group_access` VALUES (969, 8);
INSERT INTO `lc_auth_group_access` VALUES (970, 8);
INSERT INTO `lc_auth_group_access` VALUES (971, 8);
INSERT INTO `lc_auth_group_access` VALUES (972, 8);
INSERT INTO `lc_auth_group_access` VALUES (973, 8);
INSERT INTO `lc_auth_group_access` VALUES (974, 8);
INSERT INTO `lc_auth_group_access` VALUES (975, 8);
INSERT INTO `lc_auth_group_access` VALUES (976, 8);
INSERT INTO `lc_auth_group_access` VALUES (977, 8);
INSERT INTO `lc_auth_group_access` VALUES (978, 8);
INSERT INTO `lc_auth_group_access` VALUES (979, 8);
INSERT INTO `lc_auth_group_access` VALUES (980, 8);
INSERT INTO `lc_auth_group_access` VALUES (981, 8);
INSERT INTO `lc_auth_group_access` VALUES (982, 8);
INSERT INTO `lc_auth_group_access` VALUES (983, 8);
INSERT INTO `lc_auth_group_access` VALUES (984, 8);
INSERT INTO `lc_auth_group_access` VALUES (985, 8);
INSERT INTO `lc_auth_group_access` VALUES (986, 8);
INSERT INTO `lc_auth_group_access` VALUES (987, 8);
INSERT INTO `lc_auth_group_access` VALUES (988, 8);
INSERT INTO `lc_auth_group_access` VALUES (989, 8);
INSERT INTO `lc_auth_group_access` VALUES (990, 8);
INSERT INTO `lc_auth_group_access` VALUES (991, 8);
INSERT INTO `lc_auth_group_access` VALUES (992, 8);
INSERT INTO `lc_auth_group_access` VALUES (993, 8);
INSERT INTO `lc_auth_group_access` VALUES (994, 8);
INSERT INTO `lc_auth_group_access` VALUES (995, 8);
INSERT INTO `lc_auth_group_access` VALUES (996, 8);
INSERT INTO `lc_auth_group_access` VALUES (997, 8);
INSERT INTO `lc_auth_group_access` VALUES (998, 8);
INSERT INTO `lc_auth_group_access` VALUES (999, 8);
INSERT INTO `lc_auth_group_access` VALUES (1000, 8);
INSERT INTO `lc_auth_group_access` VALUES (1001, 8);
INSERT INTO `lc_auth_group_access` VALUES (1002, 8);
INSERT INTO `lc_auth_group_access` VALUES (1003, 8);
INSERT INTO `lc_auth_group_access` VALUES (1004, 8);
INSERT INTO `lc_auth_group_access` VALUES (1005, 8);
INSERT INTO `lc_auth_group_access` VALUES (1006, 8);
INSERT INTO `lc_auth_group_access` VALUES (1007, 8);
INSERT INTO `lc_auth_group_access` VALUES (1008, 8);
INSERT INTO `lc_auth_group_access` VALUES (1009, 8);
INSERT INTO `lc_auth_group_access` VALUES (1010, 8);
INSERT INTO `lc_auth_group_access` VALUES (1011, 8);
INSERT INTO `lc_auth_group_access` VALUES (1012, 8);
INSERT INTO `lc_auth_group_access` VALUES (1013, 8);
INSERT INTO `lc_auth_group_access` VALUES (1014, 8);
INSERT INTO `lc_auth_group_access` VALUES (1015, 8);
INSERT INTO `lc_auth_group_access` VALUES (1016, 8);
INSERT INTO `lc_auth_group_access` VALUES (1017, 8);
INSERT INTO `lc_auth_group_access` VALUES (1018, 8);
INSERT INTO `lc_auth_group_access` VALUES (1019, 8);
INSERT INTO `lc_auth_group_access` VALUES (1020, 8);
INSERT INTO `lc_auth_group_access` VALUES (1021, 8);
INSERT INTO `lc_auth_group_access` VALUES (1022, 8);
INSERT INTO `lc_auth_group_access` VALUES (1023, 8);
INSERT INTO `lc_auth_group_access` VALUES (1024, 8);
INSERT INTO `lc_auth_group_access` VALUES (1025, 8);
INSERT INTO `lc_auth_group_access` VALUES (1026, 8);
INSERT INTO `lc_auth_group_access` VALUES (1027, 8);
INSERT INTO `lc_auth_group_access` VALUES (1028, 8);
INSERT INTO `lc_auth_group_access` VALUES (1029, 8);
INSERT INTO `lc_auth_group_access` VALUES (1030, 8);
INSERT INTO `lc_auth_group_access` VALUES (1031, 8);
INSERT INTO `lc_auth_group_access` VALUES (1032, 8);
INSERT INTO `lc_auth_group_access` VALUES (1033, 8);
INSERT INTO `lc_auth_group_access` VALUES (1034, 8);
INSERT INTO `lc_auth_group_access` VALUES (1035, 8);
INSERT INTO `lc_auth_group_access` VALUES (1036, 8);
INSERT INTO `lc_auth_group_access` VALUES (1037, 8);
INSERT INTO `lc_auth_group_access` VALUES (1038, 8);
INSERT INTO `lc_auth_group_access` VALUES (1039, 8);

-- ----------------------------
-- Table structure for lc_code
-- ----------------------------
DROP TABLE IF EXISTS `lc_code`;
CREATE TABLE `lc_code`  (
  `id` int(10) UNSIGNED NOT NULL AUTO_INCREMENT,
  `uid` int(10) UNSIGNED NOT NULL DEFAULT 0 COMMENT '用户编号',
  `code` char(6) CHARACTER SET utf8 COLLATE utf8_general_ci NOT NULL COMMENT '唯一邀请码',
  `status` tinyint(1) UNSIGNED NOT NULL DEFAULT 0 COMMENT '状态（1已使用，0未使用）',
  `update_date` datetime NOT NULL COMMENT '更新时间',
  PRIMARY KEY (`id`) USING BTREE
) ENGINE = MyISAM AUTO_INCREMENT = 306 CHARACTER SET = utf8 COLLATE = utf8_general_ci ROW_FORMAT = Fixed;

-- ----------------------------
-- Records of lc_code
-- ----------------------------
INSERT INTO `lc_code` VALUES (6, 93, 'uz1qu8', 1, '2017-02-01 19:15:43');
INSERT INTO `lc_code` VALUES (7, 2, 'ra6gqe', 1, '2017-02-02 10:25:09');
INSERT INTO `lc_code` VALUES (8, 1300, 'hv002p', 1, '2017-02-02 11:06:20');
INSERT INTO `lc_code` VALUES (9, 1, 'vk9lwf', 1, '2017-02-02 13:29:19');
INSERT INTO `lc_code` VALUES (10, 1304, 'hkyvad', 1, '2017-02-02 13:58:59');
INSERT INTO `lc_code` VALUES (11, 1305, '14d3u8', 1, '2017-02-03 18:21:24');
INSERT INTO `lc_code` VALUES (12, 1306, 'blih28', 1, '2017-02-04 18:03:02');
INSERT INTO `lc_code` VALUES (13, 1307, 'wj4xk7', 1, '2017-02-05 14:21:54');
INSERT INTO `lc_code` VALUES (14, 1308, 'nfsx0o', 1, '2017-02-06 09:55:34');
INSERT INTO `lc_code` VALUES (15, 1309, 'ch8bci', 1, '2017-02-06 09:56:19');
INSERT INTO `lc_code` VALUES (16, 1310, 'pem3ih', 1, '2017-02-06 10:13:34');
INSERT INTO `lc_code` VALUES (17, 69, 'bt2tb5', 1, '2017-02-06 10:29:21');
INSERT INTO `lc_code` VALUES (18, 1311, '28o669', 1, '2017-02-06 11:28:19');
INSERT INTO `lc_code` VALUES (19, 1312, 'dup5rq', 1, '2017-02-06 11:36:48');
INSERT INTO `lc_code` VALUES (20, 40, 'u473gk', 1, '2017-02-06 12:29:07');
INSERT INTO `lc_code` VALUES (21, 1313, 'm5z88h', 1, '2017-02-06 14:26:00');
INSERT INTO `lc_code` VALUES (22, 295, 'qkbsen', 1, '2017-02-06 14:53:49');
INSERT INTO `lc_code` VALUES (23, 1314, 'ygwnn3', 1, '2017-02-06 15:41:47');
INSERT INTO `lc_code` VALUES (24, 1315, 'w0xl6p', 1, '2017-02-06 16:35:40');
INSERT INTO `lc_code` VALUES (25, 1317, 'b0uj4a', 1, '2017-02-06 18:38:49');
INSERT INTO `lc_code` VALUES (26, 1316, '4qf4zo', 1, '2017-02-06 18:50:29');
INSERT INTO `lc_code` VALUES (27, 1318, 'mp8yim', 1, '2017-02-06 20:00:55');
INSERT INTO `lc_code` VALUES (28, 1319, 'lg3i3q', 1, '2017-02-06 23:38:28');
INSERT INTO `lc_code` VALUES (29, 489, 'm0rjlx', 1, '2017-02-07 09:51:26');
INSERT INTO `lc_code` VALUES (30, 10, '9xy3h3', 1, '2017-02-07 11:19:21');
INSERT INTO `lc_code` VALUES (31, 1278, 'dlttps', 1, '2017-02-07 11:45:23');
INSERT INTO `lc_code` VALUES (32, 1320, 'ibir91', 1, '2017-02-07 13:03:46');
INSERT INTO `lc_code` VALUES (33, 1321, 'evhhel', 1, '2017-02-07 23:50:50');
INSERT INTO `lc_code` VALUES (34, 1323, '80lzj7', 1, '2017-02-08 15:05:12');
INSERT INTO `lc_code` VALUES (35, 1329, 'xt4vwm', 1, '2017-02-08 23:34:21');
INSERT INTO `lc_code` VALUES (36, 1330, 'ya7s3x', 1, '2017-02-09 00:36:10');
INSERT INTO `lc_code` VALUES (37, 1331, 'lm83di', 1, '2017-02-09 10:22:49');
INSERT INTO `lc_code` VALUES (38, 1332, '4rem9s', 1, '2017-02-09 10:48:00');
INSERT INTO `lc_code` VALUES (39, 136, '8hstgc', 1, '2017-02-09 10:56:20');
INSERT INTO `lc_code` VALUES (40, 1333, '1d5592', 1, '2017-02-09 11:40:37');
INSERT INTO `lc_code` VALUES (41, 13, 'r7cz0g', 1, '2017-02-09 11:43:09');
INSERT INTO `lc_code` VALUES (42, 1334, 'wl25pg', 1, '2017-02-09 12:01:14');
INSERT INTO `lc_code` VALUES (43, 1336, 'nu71gg', 1, '2017-02-09 14:06:12');
INSERT INTO `lc_code` VALUES (44, 1337, 'uoxmie', 1, '2017-02-09 14:27:39');
INSERT INTO `lc_code` VALUES (45, 211, 'zjr5p0', 1, '2017-02-09 15:16:57');
INSERT INTO `lc_code` VALUES (46, 1338, '7h8jg9', 1, '2017-02-09 16:44:54');
INSERT INTO `lc_code` VALUES (47, 35, '0du3ik', 1, '2017-02-09 19:11:18');
INSERT INTO `lc_code` VALUES (48, 41, 'j6er8v', 1, '2017-02-09 21:11:25');
INSERT INTO `lc_code` VALUES (49, 1301, '82k6p2', 1, '2017-02-09 21:13:07');
INSERT INTO `lc_code` VALUES (50, 118, 'kpmcub', 1, '2017-02-09 21:42:35');
INSERT INTO `lc_code` VALUES (51, 1339, 'c1tlla', 1, '2017-02-09 22:51:17');
INSERT INTO `lc_code` VALUES (52, 1340, 'ulnpp6', 1, '2017-02-10 09:35:25');
INSERT INTO `lc_code` VALUES (53, 1342, '98dnzm', 1, '2017-02-10 12:22:00');
INSERT INTO `lc_code` VALUES (54, 149, 'j7p3ee', 1, '2017-02-10 16:47:05');
INSERT INTO `lc_code` VALUES (55, 1344, '6y4say', 1, '2017-02-11 21:55:08');
INSERT INTO `lc_code` VALUES (56, 112, '4nzx9l', 1, '2017-02-13 09:35:48');
INSERT INTO `lc_code` VALUES (57, 1345, '837wtw', 1, '2017-02-13 10:26:32');
INSERT INTO `lc_code` VALUES (58, 1346, '224gq4', 1, '2017-02-13 10:30:49');
INSERT INTO `lc_code` VALUES (59, 1347, '29crdq', 1, '2017-02-13 11:30:35');
INSERT INTO `lc_code` VALUES (60, 1348, '6joacz', 1, '2017-02-13 11:50:06');
INSERT INTO `lc_code` VALUES (61, 1349, '8hn8fw', 1, '2017-02-13 12:28:37');
INSERT INTO `lc_code` VALUES (62, 12, 'un01jt', 1, '2017-02-13 13:33:28');
INSERT INTO `lc_code` VALUES (63, 1350, 'xmw22n', 1, '2017-02-13 14:48:38');
INSERT INTO `lc_code` VALUES (64, 1351, '75xjwa', 1, '2017-02-13 16:09:53');
INSERT INTO `lc_code` VALUES (65, 1352, 'a3uzd6', 1, '2017-02-13 17:07:00');
INSERT INTO `lc_code` VALUES (66, 1353, 'ymnlv2', 1, '2017-02-13 17:08:53');
INSERT INTO `lc_code` VALUES (67, 1354, 'iqqir9', 1, '2017-02-13 17:36:22');
INSERT INTO `lc_code` VALUES (68, 1357, 'cpv8sy', 1, '2017-02-13 22:10:23');
INSERT INTO `lc_code` VALUES (69, 1360, 'vz3sj0', 1, '2017-02-14 15:09:14');
INSERT INTO `lc_code` VALUES (70, 758, '3t3xsh', 1, '2017-02-14 15:14:43');
INSERT INTO `lc_code` VALUES (71, 1361, '4q3scz', 1, '2017-02-14 19:13:35');
INSERT INTO `lc_code` VALUES (72, 1362, 'vvpldh', 1, '2017-02-14 21:35:03');
INSERT INTO `lc_code` VALUES (73, 1363, 'vq7qyz', 1, '2017-02-15 14:32:12');
INSERT INTO `lc_code` VALUES (74, 1364, 'puztni', 1, '2017-02-15 21:39:47');
INSERT INTO `lc_code` VALUES (75, 1365, 'trbwp3', 1, '2017-02-15 21:42:37');
INSERT INTO `lc_code` VALUES (76, 1366, 'etuim7', 1, '2017-02-16 09:58:36');
INSERT INTO `lc_code` VALUES (77, 1367, 'hh273g', 1, '2017-02-16 14:16:41');
INSERT INTO `lc_code` VALUES (78, 1368, 'py6wp5', 1, '2017-02-16 17:54:07');
INSERT INTO `lc_code` VALUES (79, 1371, 'we0v8n', 1, '2017-02-16 21:34:58');
INSERT INTO `lc_code` VALUES (80, 1372, 'e1fqy4', 1, '2017-02-16 21:45:58');
INSERT INTO `lc_code` VALUES (81, 1297, 'ucyouk', 1, '2017-02-16 22:06:27');
INSERT INTO `lc_code` VALUES (82, 1373, 'wc2zk5', 1, '2017-02-16 22:06:55');
INSERT INTO `lc_code` VALUES (83, 1031, 'f93l6t', 1, '2017-02-17 09:51:16');
INSERT INTO `lc_code` VALUES (84, 1374, 'r28ryg', 1, '2017-02-17 11:02:58');
INSERT INTO `lc_code` VALUES (85, 1375, 'edht3g', 1, '2017-02-17 15:02:18');
INSERT INTO `lc_code` VALUES (86, 1378, 'yxtwmo', 1, '2017-02-18 08:52:15');
INSERT INTO `lc_code` VALUES (87, 1380, 'gi0ihl', 1, '2017-02-20 09:15:22');
INSERT INTO `lc_code` VALUES (88, 1381, 'oxvrj1', 1, '2017-02-20 14:00:22');
INSERT INTO `lc_code` VALUES (89, 1382, 'la4t12', 1, '2017-02-20 17:35:21');
INSERT INTO `lc_code` VALUES (90, 1383, '9gfraj', 1, '2017-02-20 20:21:26');
INSERT INTO `lc_code` VALUES (91, 1384, '78g142', 1, '2017-02-20 21:47:08');
INSERT INTO `lc_code` VALUES (92, 1385, 'pklq33', 1, '2017-02-21 15:00:16');
INSERT INTO `lc_code` VALUES (93, 1391, 'br06jj', 1, '2017-02-22 12:08:26');
INSERT INTO `lc_code` VALUES (94, 1392, '74ucxv', 1, '2017-02-22 12:53:27');
INSERT INTO `lc_code` VALUES (95, 1393, 'e7buyl', 1, '2017-02-22 16:01:26');
INSERT INTO `lc_code` VALUES (96, 1394, 'e6tu7y', 1, '2017-02-22 22:01:26');
INSERT INTO `lc_code` VALUES (97, 1396, 'xwijmm', 1, '2017-02-22 22:57:57');
INSERT INTO `lc_code` VALUES (98, 1398, 'nydn5w', 1, '2017-02-23 15:23:01');
INSERT INTO `lc_code` VALUES (99, 1399, '7d11py', 1, '2017-02-23 22:10:53');
INSERT INTO `lc_code` VALUES (100, 1402, 'x459y4', 1, '2017-02-24 14:46:34');
INSERT INTO `lc_code` VALUES (101, 1403, 'ucao7i', 1, '2017-02-27 10:35:01');
INSERT INTO `lc_code` VALUES (102, 1404, 'm5f5o1', 1, '2017-02-27 19:56:31');
INSERT INTO `lc_code` VALUES (103, 1405, 'rb04z5', 1, '2017-02-27 23:07:29');
INSERT INTO `lc_code` VALUES (104, 1406, '17i297', 1, '2017-02-28 09:41:15');
INSERT INTO `lc_code` VALUES (105, 1410, '16b7fa', 1, '2017-03-01 11:58:09');
INSERT INTO `lc_code` VALUES (106, 1411, 'banmzv', 1, '2017-03-01 15:54:05');
INSERT INTO `lc_code` VALUES (107, 1413, '5m0krp', 1, '2017-03-02 09:06:54');
INSERT INTO `lc_code` VALUES (108, 1414, 'mj0mn0', 1, '2017-03-02 10:29:41');
INSERT INTO `lc_code` VALUES (109, 1415, 'sp7arh', 1, '2017-03-02 18:08:47');
INSERT INTO `lc_code` VALUES (110, 1416, 'itou04', 1, '2017-03-02 18:08:55');
INSERT INTO `lc_code` VALUES (111, 1417, '5cesye', 1, '2017-03-02 18:13:33');
INSERT INTO `lc_code` VALUES (112, 1418, 'o30onr', 1, '2017-03-03 00:13:33');
INSERT INTO `lc_code` VALUES (113, 1419, 'daaewy', 1, '2017-03-03 10:21:17');
INSERT INTO `lc_code` VALUES (114, 1420, 'foonzg', 1, '2017-03-03 22:29:51');
INSERT INTO `lc_code` VALUES (115, 1421, '4i9sc9', 1, '2017-03-04 09:29:08');
INSERT INTO `lc_code` VALUES (116, 1422, 'whlbak', 1, '2017-03-04 10:31:41');
INSERT INTO `lc_code` VALUES (117, 1423, 'pyopmc', 1, '2017-03-04 10:46:24');
INSERT INTO `lc_code` VALUES (118, 1424, 'h0msfj', 1, '2017-03-06 08:32:09');
INSERT INTO `lc_code` VALUES (119, 1425, 'rv7fi7', 1, '2017-03-06 11:25:00');
INSERT INTO `lc_code` VALUES (120, 1426, 'vmp4f1', 1, '2017-03-06 19:59:29');
INSERT INTO `lc_code` VALUES (121, 1070, 'ecj0nt', 1, '2017-03-07 09:29:33');
INSERT INTO `lc_code` VALUES (122, 28, 'kcr82e', 1, '2017-03-08 00:53:22');
INSERT INTO `lc_code` VALUES (123, 1428, 'kkf7cv', 1, '2017-03-08 12:27:43');
INSERT INTO `lc_code` VALUES (124, 1429, 'q3qyi8', 1, '2017-03-08 13:14:38');
INSERT INTO `lc_code` VALUES (125, 1430, '5evvja', 1, '2017-03-08 14:32:43');
INSERT INTO `lc_code` VALUES (126, 1431, 'xxmgxa', 1, '2017-03-08 15:27:02');
INSERT INTO `lc_code` VALUES (127, 1435, 'ain1rp', 1, '2017-03-09 08:56:50');
INSERT INTO `lc_code` VALUES (128, 1436, 'gc9wjm', 1, '2017-03-09 10:24:50');
INSERT INTO `lc_code` VALUES (129, 1437, 'r9ph78', 1, '2017-03-09 13:51:54');
INSERT INTO `lc_code` VALUES (130, 1439, 'qdnm96', 1, '2017-03-09 20:12:45');
INSERT INTO `lc_code` VALUES (131, 1440, 'x64km2', 1, '2017-03-09 21:21:43');
INSERT INTO `lc_code` VALUES (132, 1441, 'uxkhzb', 1, '2017-03-10 10:30:29');
INSERT INTO `lc_code` VALUES (133, 879, '7fngb7', 1, '2017-03-10 11:02:05');
INSERT INTO `lc_code` VALUES (134, 1442, '33gslo', 1, '2017-03-10 11:03:00');
INSERT INTO `lc_code` VALUES (135, 1443, '1c2oyb', 1, '2017-03-10 14:31:41');
INSERT INTO `lc_code` VALUES (136, 1444, 'vvhzf4', 1, '2017-03-10 16:53:01');
INSERT INTO `lc_code` VALUES (137, 1445, '1a1lr1', 1, '2017-03-10 21:05:25');
INSERT INTO `lc_code` VALUES (138, 1447, 'xyglfs', 1, '2017-03-11 09:43:28');
INSERT INTO `lc_code` VALUES (139, 1448, 'siw9bh', 1, '2017-03-11 21:27:14');
INSERT INTO `lc_code` VALUES (140, 1450, 'xdu01s', 1, '2017-03-12 21:52:37');
INSERT INTO `lc_code` VALUES (141, 1452, 'bxotw4', 1, '2017-03-13 11:56:23');
INSERT INTO `lc_code` VALUES (142, 1453, 'yxe0j6', 1, '2017-03-13 12:21:19');
INSERT INTO `lc_code` VALUES (143, 1454, '1g5i2k', 1, '2017-03-13 12:25:40');
INSERT INTO `lc_code` VALUES (144, 1455, 'bu373f', 1, '2017-03-13 12:57:58');
INSERT INTO `lc_code` VALUES (145, 1456, 'p1sj1u', 1, '2017-03-13 17:49:45');
INSERT INTO `lc_code` VALUES (146, 1457, 'cdr07n', 1, '2017-03-14 11:33:16');
INSERT INTO `lc_code` VALUES (147, 1459, '46lj64', 1, '2017-03-14 12:59:20');
INSERT INTO `lc_code` VALUES (148, 1478, 'p8luqn', 1, '2017-03-14 23:18:51');
INSERT INTO `lc_code` VALUES (149, 1482, 'f2ij9m', 1, '2017-03-15 11:51:15');
INSERT INTO `lc_code` VALUES (150, 1483, 'yynrip', 1, '2017-03-15 16:43:54');
INSERT INTO `lc_code` VALUES (151, 1484, 'lu3dva', 1, '2017-03-15 19:42:05');
INSERT INTO `lc_code` VALUES (152, 1485, '10gmjn', 1, '2017-03-16 18:16:47');
INSERT INTO `lc_code` VALUES (153, 1486, 'r8wd3n', 1, '2017-03-17 00:30:17');
INSERT INTO `lc_code` VALUES (154, 1487, '1ipj2y', 1, '2017-03-19 11:57:36');
INSERT INTO `lc_code` VALUES (155, 1489, '50xtsf', 1, '2017-03-20 18:52:49');
INSERT INTO `lc_code` VALUES (156, 1490, 'idalr5', 1, '2017-03-21 10:46:25');
INSERT INTO `lc_code` VALUES (157, 1491, 'ws5dep', 1, '2017-03-22 13:52:35');
INSERT INTO `lc_code` VALUES (158, 1494, '16yxj1', 1, '2017-03-23 14:34:03');
INSERT INTO `lc_code` VALUES (159, 23, 'kkk94m', 1, '2017-03-24 11:13:10');
INSERT INTO `lc_code` VALUES (160, 1502, '79n53f', 1, '2017-03-28 10:05:27');
INSERT INTO `lc_code` VALUES (161, 1503, 'lmtv7l', 1, '2017-03-28 16:43:29');
INSERT INTO `lc_code` VALUES (162, 1504, '14d7is', 1, '2017-03-28 16:44:41');
INSERT INTO `lc_code` VALUES (163, 1505, 'wjyvgi', 1, '2017-03-28 18:16:21');
INSERT INTO `lc_code` VALUES (164, 1510, 'w13ha7', 1, '2017-03-30 20:03:16');
INSERT INTO `lc_code` VALUES (165, 1518, '4ihsnk', 1, '2017-04-06 00:26:00');
INSERT INTO `lc_code` VALUES (166, 1520, '88624e', 1, '2017-04-06 15:39:12');
INSERT INTO `lc_code` VALUES (167, 1523, 'n5j1c1', 1, '2017-04-06 17:58:27');
INSERT INTO `lc_code` VALUES (168, 1526, 't9ks41', 1, '2017-04-07 10:46:43');
INSERT INTO `lc_code` VALUES (169, 1517, 'b12ejd', 1, '2017-04-07 17:22:54');
INSERT INTO `lc_code` VALUES (170, 1528, 'lnw2gk', 1, '2017-04-10 16:18:16');
INSERT INTO `lc_code` VALUES (171, 1533, 'noturx', 1, '2017-04-13 09:56:55');
INSERT INTO `lc_code` VALUES (172, 1534, '8e3rgg', 1, '2017-04-13 17:04:37');
INSERT INTO `lc_code` VALUES (173, 15, 't9pe2u', 1, '2017-04-17 12:24:51');
INSERT INTO `lc_code` VALUES (174, 1539, 'fdvirf', 1, '2017-04-17 16:02:59');
INSERT INTO `lc_code` VALUES (175, 1540, 'wd3sgj', 1, '2017-04-18 23:35:04');
INSERT INTO `lc_code` VALUES (176, 1541, 'c386yz', 1, '2017-04-19 16:34:06');
INSERT INTO `lc_code` VALUES (177, 1542, '36e6yu', 1, '2017-04-19 17:19:00');
INSERT INTO `lc_code` VALUES (178, 1543, 'ms3c66', 1, '2017-04-21 10:39:02');
INSERT INTO `lc_code` VALUES (179, 1544, '6mk24b', 1, '2017-04-21 18:46:40');
INSERT INTO `lc_code` VALUES (180, 1546, 'h1pku5', 1, '2017-04-23 13:59:40');
INSERT INTO `lc_code` VALUES (181, 1547, '469cd7', 1, '2017-04-24 10:57:11');
INSERT INTO `lc_code` VALUES (182, 1548, 'bgepnd', 1, '2017-04-25 16:29:51');
INSERT INTO `lc_code` VALUES (183, 1549, 'ja5nmb', 1, '2017-04-26 12:04:33');
INSERT INTO `lc_code` VALUES (184, 1550, 'utxew2', 1, '2017-04-26 14:35:49');
INSERT INTO `lc_code` VALUES (185, 1551, 'qe3fzx', 1, '2017-04-27 11:33:42');
INSERT INTO `lc_code` VALUES (186, 1552, 'l34vgh', 1, '2017-04-27 12:15:52');
INSERT INTO `lc_code` VALUES (187, 1554, '2ryhhl', 1, '2017-04-29 20:27:06');
INSERT INTO `lc_code` VALUES (188, 1555, 'u1wzpi', 1, '2017-05-03 13:28:17');
INSERT INTO `lc_code` VALUES (189, 1556, 'akc7y8', 1, '2017-05-03 15:58:08');
INSERT INTO `lc_code` VALUES (190, 1557, 'apne4m', 1, '2017-05-07 19:08:43');
INSERT INTO `lc_code` VALUES (191, 1562, 'cqqhl6', 1, '2017-05-11 16:17:53');
INSERT INTO `lc_code` VALUES (192, 1563, 'zoyx5f', 1, '2017-05-12 18:03:26');
INSERT INTO `lc_code` VALUES (193, 1564, 'jzhfy7', 1, '2017-05-15 16:04:01');
INSERT INTO `lc_code` VALUES (194, 1565, 'y9rbhp', 1, '2017-05-15 19:52:40');
INSERT INTO `lc_code` VALUES (195, 1567, 'kre76j', 1, '2017-05-15 23:47:32');
INSERT INTO `lc_code` VALUES (196, 66, 'uiakzw', 1, '2017-05-16 23:21:38');
INSERT INTO `lc_code` VALUES (197, 1571, 'qykowq', 1, '2017-05-16 23:22:17');
INSERT INTO `lc_code` VALUES (198, 1572, '4fqlvp', 1, '2017-05-17 18:03:10');
INSERT INTO `lc_code` VALUES (199, 1573, 'suyk6f', 1, '2017-05-17 18:32:00');
INSERT INTO `lc_code` VALUES (200, 1574, 'aq7oyd', 1, '2017-05-17 19:22:45');
INSERT INTO `lc_code` VALUES (201, 921, '8svjcv', 1, '2017-05-17 22:07:08');
INSERT INTO `lc_code` VALUES (202, 1577, 'f2t0rq', 1, '2017-05-18 16:46:25');
INSERT INTO `lc_code` VALUES (203, 1578, 'qv6gh1', 1, '2017-05-18 17:40:21');
INSERT INTO `lc_code` VALUES (204, 1587, '5aw3u2', 1, '2017-05-24 12:26:12');
INSERT INTO `lc_code` VALUES (205, 1590, 'j4trtr', 1, '2017-05-25 16:40:32');
INSERT INTO `lc_code` VALUES (206, 1592, '52j0lw', 1, '2017-05-31 09:41:57');
INSERT INTO `lc_code` VALUES (207, 1040, 'w0yp0p', 1, '2017-06-06 09:16:34');
INSERT INTO `lc_code` VALUES (208, 1598, 'grlm72', 1, '2017-06-07 22:07:25');
INSERT INTO `lc_code` VALUES (209, 1600, 'occkg7', 1, '2017-06-08 09:24:36');
INSERT INTO `lc_code` VALUES (210, 1604, 'n0bgs4', 1, '2017-06-08 16:49:58');
INSERT INTO `lc_code` VALUES (211, 1605, '7x7rxs', 1, '2017-06-08 17:03:23');
INSERT INTO `lc_code` VALUES (212, 1558, 'nutmku', 1, '2017-06-09 13:32:13');
INSERT INTO `lc_code` VALUES (213, 1607, 'c0lxmt', 1, '2017-06-14 16:00:27');
INSERT INTO `lc_code` VALUES (214, 1608, '0a6cvm', 1, '2017-06-19 14:39:55');
INSERT INTO `lc_code` VALUES (215, 1609, 'jinvzf', 1, '2017-06-19 21:41:55');
INSERT INTO `lc_code` VALUES (216, 1610, '06c7ya', 1, '2017-06-20 09:17:43');
INSERT INTO `lc_code` VALUES (217, 1611, 'zl4t8o', 1, '2017-06-20 09:56:16');
INSERT INTO `lc_code` VALUES (218, 1613, 'nkp8hb', 1, '2017-06-20 23:44:31');
INSERT INTO `lc_code` VALUES (219, 1614, '1hm7uh', 1, '2017-06-21 16:41:24');
INSERT INTO `lc_code` VALUES (220, 1615, 'ue0i9z', 1, '2017-06-21 17:57:54');
INSERT INTO `lc_code` VALUES (221, 1616, 'x96ag4', 1, '2017-06-21 18:45:34');
INSERT INTO `lc_code` VALUES (222, 1619, 'kgqp9y', 1, '2017-06-26 18:35:39');
INSERT INTO `lc_code` VALUES (223, 1629, 'ewi350', 1, '2017-07-03 16:57:21');
INSERT INTO `lc_code` VALUES (224, 1630, 'e7h0fc', 1, '2017-07-03 19:02:35');
INSERT INTO `lc_code` VALUES (225, 1631, 'i9qir0', 1, '2017-07-03 22:11:04');
INSERT INTO `lc_code` VALUES (226, 107, 'hp9nzq', 1, '2017-07-11 09:11:59');
INSERT INTO `lc_code` VALUES (227, 4, 'rk6i9f', 1, '2017-07-18 11:27:02');
INSERT INTO `lc_code` VALUES (228, 1217, 'gnczqi', 1, '2017-07-21 10:58:14');
INSERT INTO `lc_code` VALUES (229, 1588, 'z5ph64', 1, '2017-07-26 09:42:53');
INSERT INTO `lc_code` VALUES (230, 1704, 'toek66', 1, '2017-07-27 12:21:50');
INSERT INTO `lc_code` VALUES (231, 1707, 'knwtbv', 1, '2017-07-27 21:59:31');
INSERT INTO `lc_code` VALUES (232, 1720, 'j2gqlq', 1, '2017-08-07 10:15:18');
INSERT INTO `lc_code` VALUES (233, 1727, '61di04', 1, '2017-08-10 09:36:56');
INSERT INTO `lc_code` VALUES (234, 1730, '10aqhg', 1, '2017-08-10 16:29:36');
INSERT INTO `lc_code` VALUES (235, 1736, 'vb59vb', 1, '2017-08-14 15:46:25');
INSERT INTO `lc_code` VALUES (236, 1737, 'gfzc9a', 1, '2017-08-15 14:16:40');
INSERT INTO `lc_code` VALUES (237, 1738, '8tdojy', 1, '2017-08-15 15:03:30');
INSERT INTO `lc_code` VALUES (238, 1743, 'ep0s81', 1, '2017-08-24 15:21:51');
INSERT INTO `lc_code` VALUES (239, 1747, 'x9180j', 1, '2017-08-30 18:19:23');
INSERT INTO `lc_code` VALUES (240, 1748, 'pvuu5p', 1, '2017-08-31 20:28:34');
INSERT INTO `lc_code` VALUES (241, 1753, '6l55xe', 1, '2017-09-05 15:05:03');
INSERT INTO `lc_code` VALUES (242, 1755, 'g68tur', 1, '2017-09-06 22:32:42');
INSERT INTO `lc_code` VALUES (243, 1757, 's9hs2q', 1, '2017-09-07 15:10:30');
INSERT INTO `lc_code` VALUES (244, 1759, 'u00w81', 1, '2017-09-11 11:43:36');
INSERT INTO `lc_code` VALUES (245, 1762, 'fxw9s2', 1, '2017-09-11 15:48:31');
INSERT INTO `lc_code` VALUES (246, 1763, 'zyn54l', 1, '2017-09-11 19:35:07');
INSERT INTO `lc_code` VALUES (247, 1764, 'jkrrdm', 1, '2017-09-11 19:53:34');
INSERT INTO `lc_code` VALUES (248, 1765, 'j5w1yz', 1, '2017-09-13 11:02:02');
INSERT INTO `lc_code` VALUES (249, 1017, 'rtzsp7', 1, '2017-09-13 17:04:42');
INSERT INTO `lc_code` VALUES (250, 1768, 't45qex', 1, '2017-09-14 15:47:07');
INSERT INTO `lc_code` VALUES (251, 1769, 'sewfj0', 1, '2017-09-14 15:48:21');
INSERT INTO `lc_code` VALUES (252, 1772, '13ktvx', 1, '2017-09-18 09:13:00');
INSERT INTO `lc_code` VALUES (253, 1773, 'ge3dg2', 1, '2017-09-18 10:30:17');
INSERT INTO `lc_code` VALUES (254, 1776, 'c8vb0l', 1, '2017-09-19 10:56:25');
INSERT INTO `lc_code` VALUES (255, 1777, 'iuqok4', 1, '2017-09-19 14:26:59');
INSERT INTO `lc_code` VALUES (256, 1778, 'mcjis2', 1, '2017-09-20 08:51:29');
INSERT INTO `lc_code` VALUES (257, 1780, 'it52n1', 1, '2017-09-20 11:14:23');
INSERT INTO `lc_code` VALUES (258, 55, '03f4hw', 1, '2017-09-21 21:30:08');
INSERT INTO `lc_code` VALUES (259, 1785, '7t4344', 1, '2017-09-25 12:37:36');
INSERT INTO `lc_code` VALUES (260, 1788, 'onyebi', 1, '2017-09-26 12:21:57');
INSERT INTO `lc_code` VALUES (261, 1794, 'jxv2fn', 1, '2017-09-27 09:25:29');
INSERT INTO `lc_code` VALUES (262, 1729, '4yha05', 1, '2017-09-27 22:38:49');
INSERT INTO `lc_code` VALUES (263, 1799, 'b09r5q', 1, '2017-09-30 12:59:14');
INSERT INTO `lc_code` VALUES (264, 1801, 'ocjsfn', 1, '2017-10-09 14:31:12');
INSERT INTO `lc_code` VALUES (265, 1802, 'x4awim', 1, '2017-10-09 15:00:06');
INSERT INTO `lc_code` VALUES (266, 1805, 'e1ka40', 1, '2017-10-10 09:14:57');
INSERT INTO `lc_code` VALUES (267, 959, 'x9yfjy', 1, '2017-10-10 12:58:16');
INSERT INTO `lc_code` VALUES (268, 1807, 'kvztn5', 1, '2017-10-10 14:42:24');
INSERT INTO `lc_code` VALUES (269, 1809, 'jbh34x', 1, '2017-10-10 16:33:20');
INSERT INTO `lc_code` VALUES (270, 1810, 'q111xk', 1, '2017-10-11 10:42:46');
INSERT INTO `lc_code` VALUES (271, 1811, 'ocl8mp', 1, '2017-10-11 17:05:16');
INSERT INTO `lc_code` VALUES (272, 1812, '8kz70i', 1, '2017-10-12 14:13:17');
INSERT INTO `lc_code` VALUES (273, 1813, '5ke5e2', 1, '2017-10-12 17:29:45');
INSERT INTO `lc_code` VALUES (274, 1814, 'ayes1i', 1, '2017-10-12 23:28:29');
INSERT INTO `lc_code` VALUES (275, 1817, 'psjruh', 1, '2017-10-18 11:22:17');
INSERT INTO `lc_code` VALUES (276, 1823, 'bitwqg', 1, '2017-10-23 10:32:51');
INSERT INTO `lc_code` VALUES (277, 1829, 'mz0l60', 1, '2017-10-25 19:46:17');
INSERT INTO `lc_code` VALUES (278, 1833, '4clji0', 1, '2017-10-26 21:45:32');
INSERT INTO `lc_code` VALUES (279, 1834, 'msz0k0', 1, '2017-10-27 12:21:25');
INSERT INTO `lc_code` VALUES (280, 1837, 'iat21n', 1, '2017-10-31 15:53:20');
INSERT INTO `lc_code` VALUES (281, 1838, 'jc5d9w', 1, '2017-10-31 18:54:27');
INSERT INTO `lc_code` VALUES (282, 1839, 'twwui2', 1, '2017-11-01 16:53:49');
INSERT INTO `lc_code` VALUES (283, 1842, 'vnfg6x', 1, '2017-11-02 19:55:07');
INSERT INTO `lc_code` VALUES (284, 1843, 'htqgtb', 1, '2017-11-02 20:44:32');
INSERT INTO `lc_code` VALUES (285, 1881, 'hclafn', 1, '2017-12-06 21:14:39');
INSERT INTO `lc_code` VALUES (286, 1322, 'xyz3c9', 1, '2017-12-14 15:32:39');
INSERT INTO `lc_code` VALUES (287, 77, 'z56vzo', 1, '2017-12-15 15:19:47');
INSERT INTO `lc_code` VALUES (288, 1904, 'yubebi', 1, '2017-12-22 11:31:34');
INSERT INTO `lc_code` VALUES (289, 1906, 'bsb295', 1, '2017-12-23 09:59:35');
INSERT INTO `lc_code` VALUES (290, 1907, 'dqhy1w', 1, '2017-12-23 11:35:58');
INSERT INTO `lc_code` VALUES (291, 1909, 'mzvm28', 1, '2018-01-04 11:04:28');
INSERT INTO `lc_code` VALUES (292, 1912, 'v2d1xd', 1, '2018-01-09 09:28:58');
INSERT INTO `lc_code` VALUES (293, 1913, 'qw71aj', 1, '2018-01-13 02:30:16');
INSERT INTO `lc_code` VALUES (294, 1918, 'kmcwol', 1, '2018-01-31 12:00:22');
INSERT INTO `lc_code` VALUES (295, 1919, '11cj0d', 1, '2018-01-31 12:25:30');
INSERT INTO `lc_code` VALUES (296, 1920, 'gmcc8f', 1, '2018-01-31 12:54:22');
INSERT INTO `lc_code` VALUES (297, 1927, 'k4hy5f', 1, '2018-02-26 17:39:16');
INSERT INTO `lc_code` VALUES (298, 1929, 'bvbjxm', 1, '2018-02-27 09:33:09');
INSERT INTO `lc_code` VALUES (299, 1939, '2i9fex', 1, '2018-03-08 14:06:05');
INSERT INTO `lc_code` VALUES (300, 1941, '1gzd00', 1, '2018-03-09 15:09:12');
INSERT INTO `lc_code` VALUES (301, 1942, 'rhn4tw', 1, '2018-03-09 15:11:00');
INSERT INTO `lc_code` VALUES (302, 1943, 'je00c6', 1, '2018-03-09 15:14:50');
INSERT INTO `lc_code` VALUES (303, 1944, 'fn2r70', 1, '2018-03-09 15:18:43');
INSERT INTO `lc_code` VALUES (304, 1945, 'dainpx', 1, '2018-03-09 15:21:10');
INSERT INTO `lc_code` VALUES (305, 1946, 'kqek4f', 1, '2018-03-09 15:23:21');

-- ----------------------------
-- Table structure for lc_member
-- ----------------------------
DROP TABLE IF EXISTS `lc_member`;
CREATE TABLE `lc_member`  (
  `uid` int(11) UNSIGNED NOT NULL AUTO_INCREMENT,
  `real_name` varchar(100) CHARACTER SET utf8 COLLATE utf8_general_ci NULL DEFAULT NULL COMMENT '昵称',
  `nick_name` varchar(100) CHARACTER SET utf8 COLLATE utf8_general_ci NULL DEFAULT NULL COMMENT '真实姓名',
  `head_img` varchar(60) CHARACTER SET utf8 COLLATE utf8_general_ci NULL DEFAULT NULL,
  `mobile` varchar(20) CHARACTER SET utf8 COLLATE utf8_general_ci NULL DEFAULT NULL,
  `email` varchar(100) CHARACTER SET utf8 COLLATE utf8_general_ci NULL DEFAULT NULL,
  `type` int(11) NULL DEFAULT NULL COMMENT '类型，主要用于外协人员（1项目经理，2招聘经理）',
  `sign_time` int(11) NULL DEFAULT NULL COMMENT '协议签订日期',
  `sign_time_end` int(11) NULL DEFAULT NULL COMMENT '协议结束日期',
  `sign_pic` varchar(150) CHARACTER SET utf8 COLLATE utf8_general_ci NULL DEFAULT NULL COMMENT '协议附件',
  `cardid` int(25) NULL DEFAULT NULL COMMENT '身份证号码',
  `recom_success` int(11) NULL DEFAULT NULL COMMENT '成功推荐',
  `recom_sum` int(11) NULL DEFAULT NULL COMMENT '总推荐',
  PRIMARY KEY (`uid`) USING BTREE
) ENGINE = MyISAM AUTO_INCREMENT = 1 CHARACTER SET = utf8 COLLATE = utf8_general_ci ROW_FORMAT = Dynamic;

-- ----------------------------
-- Table structure for lc_member_verify
-- ----------------------------
DROP TABLE IF EXISTS `lc_member_verify`;
CREATE TABLE `lc_member_verify`  (
  `id` int(11) NOT NULL AUTO_INCREMENT,
  `uid` int(11) NULL DEFAULT 0 COMMENT '用户编号',
  `mobile` char(20) CHARACTER SET utf8 COLLATE utf8_general_ci NULL DEFAULT '' COMMENT '手机号码',
  `code` char(10) CHARACTER SET utf8 COLLATE utf8_general_ci NULL DEFAULT NULL COMMENT '验证码',
  `dateline` int(11) NULL DEFAULT NULL COMMENT '操作时间',
  `regip` char(30) CHARACTER SET utf8 COLLATE utf8_general_ci NULL DEFAULT NULL COMMENT 'ip地址',
  `sendnum` int(11) NULL DEFAULT 0 COMMENT '发送次数',
  `type` tinyint(4) NULL DEFAULT 1 COMMENT '类型（1注册，2找回密码）',
  `status` tinyint(1) NULL DEFAULT 0 COMMENT '0未使用，1已使用',
  PRIMARY KEY (`id`) USING BTREE,
  INDEX `uid`(`uid`) USING BTREE
) ENGINE = InnoDB AUTO_INCREMENT = 730 CHARACTER SET = utf8 COLLATE = utf8_general_ci ROW_FORMAT = Compact;

-- ----------------------------
-- Records of lc_member_verify
-- ----------------------------
INSERT INTO `lc_member_verify` VALUES (1, 2, '13632760413', '3122', 1487226624, '119.139.199.109', 2, 2, 1);
INSERT INTO `lc_member_verify` VALUES (2, 2, '13632760413', '3152', 1482676109, '183.13.101.106', 1, 1, 1);
INSERT INTO `lc_member_verify` VALUES (3, 3, '13076240997', '2724', 1482713242, '183.61.51.199', 1, 1, 1);
INSERT INTO `lc_member_verify` VALUES (4, 4, '15270961134', '7847', 1482713585, '115.214.136.136', 1, 1, 1);
INSERT INTO `lc_member_verify` VALUES (5, 5, '15920351337', '5559', 1482713817, '14.152.102.151', 1, 1, 1);
INSERT INTO `lc_member_verify` VALUES (6, 6, '13726000420', '5276', 1482714321, '119.145.68.4', 1, 1, 1);
INSERT INTO `lc_member_verify` VALUES (7, 7, '13538107497', '2483', 1482716449, '183.61.52.71', 1, 1, 1);
INSERT INTO `lc_member_verify` VALUES (8, 0, '13076240997', '3447', 1482716671, '119.123.109.84', 1, 1, 0);
INSERT INTO `lc_member_verify` VALUES (9, 8, '13452246654', '6650', 1482716757, '14.104.136.52', 1, 1, 1);
INSERT INTO `lc_member_verify` VALUES (10, 9, '13544262285', '9831', 1482716784, '220.112.230.204', 1, 1, 1);
INSERT INTO `lc_member_verify` VALUES (11, 10, '13652372758', '7187', 1482716798, '117.136.40.189', 1, 1, 1);
INSERT INTO `lc_member_verify` VALUES (12, 11, '18520777151', '6609', 1482717072, '119.145.83.153', 1, 1, 1);
INSERT INTO `lc_member_verify` VALUES (13, 12, '18688908101', '5747', 1482717155, '124.42.239.73', 1, 1, 1);
INSERT INTO `lc_member_verify` VALUES (14, 13, '18320829290', '9531', 1482717247, '117.136.79.141', 1, 1, 1);
INSERT INTO `lc_member_verify` VALUES (15, 14, '13717026319', '1720', 1482717395, '220.112.233.232', 1, 1, 1);
INSERT INTO `lc_member_verify` VALUES (16, 15, '13672745862', '1948', 1482717769, '219.133.132.67', 1, 1, 1);
INSERT INTO `lc_member_verify` VALUES (17, 16, '13794335228', '7073', 1482718016, '220.115.182.12', 1, 1, 1);
INSERT INTO `lc_member_verify` VALUES (18, 17, '18818571170', '2649', 1482718284, '112.38.205.202', 1, 1, 1);
INSERT INTO `lc_member_verify` VALUES (19, 0, '13049489420', '9766', 1482718333, '183.62.230.104', 1, 1, 0);
INSERT INTO `lc_member_verify` VALUES (20, 18, '18310397606', '6940', 1482718671, '218.247.180.164', 1, 1, 1);
INSERT INTO `lc_member_verify` VALUES (21, 19, '18778036030', '3327', 1482719122, '180.140.164.135', 1, 1, 1);
INSERT INTO `lc_member_verify` VALUES (22, 20, '18218280323', '1231', 1482719554, '58.60.255.15', 1, 1, 1);
INSERT INTO `lc_member_verify` VALUES (23, 21, '15019416585', '5769', 1482720060, '183.14.29.86', 1, 1, 1);
INSERT INTO `lc_member_verify` VALUES (24, 22, '18573444122', '3038', 1482720354, '43.250.200.133', 1, 1, 1);
INSERT INTO `lc_member_verify` VALUES (25, 0, '18898765315', '9935', 1482720408, '183.14.134.47', 1, 2, 0);
INSERT INTO `lc_member_verify` VALUES (26, 23, '18898765315', '2869', 1482720465, '183.14.134.47', 1, 1, 1);
INSERT INTO `lc_member_verify` VALUES (27, 24, '15818752321', '5658', 1482720701, '121.35.209.181', 1, 1, 1);
INSERT INTO `lc_member_verify` VALUES (28, 27, '18310397606', '6356', 1482721045, '218.247.180.164', 2, 1, 1);
INSERT INTO `lc_member_verify` VALUES (29, 25, '15012413808', '1317', 1482720938, '14.17.44.217', 1, 1, 1);
INSERT INTO `lc_member_verify` VALUES (30, 26, '18671654054', '4630', 1482720959, '220.249.72.237', 1, 1, 1);
INSERT INTO `lc_member_verify` VALUES (31, 28, '13343495298', '9722', 1482721288, '220.249.72.237', 1, 1, 1);
INSERT INTO `lc_member_verify` VALUES (32, 29, '13728949892', '4756', 1482721560, '14.153.111.224', 1, 1, 1);
INSERT INTO `lc_member_verify` VALUES (33, 30, '18819318767', '9548', 1482721807, '116.23.249.217', 1, 1, 1);
INSERT INTO `lc_member_verify` VALUES (34, 31, '13528478996', '9868', 1482722021, '218.17.74.133', 1, 1, 1);
INSERT INTO `lc_member_verify` VALUES (35, 32, '13725361862', '4355', 1482722517, '14.17.37.145', 1, 1, 1);
INSERT INTO `lc_member_verify` VALUES (36, 33, '15219489490', '1511', 1482724305, '113.108.11.52', 1, 1, 1);
INSERT INTO `lc_member_verify` VALUES (37, 0, '13657666053', '1082', 1482724455, '183.61.51.191', 1, 1, 0);
INSERT INTO `lc_member_verify` VALUES (38, 34, '13627666053', '1443', 1482724490, '183.61.51.191', 1, 1, 1);
INSERT INTO `lc_member_verify` VALUES (39, 35, '13725361862', '6237', 1482724513, '119.130.212.121', 1, 1, 1);
INSERT INTO `lc_member_verify` VALUES (40, 36, '13552773070', '7275', 1482724567, '99.8.66.101', 1, 1, 1);
INSERT INTO `lc_member_verify` VALUES (41, 37, '18682078305', '9215', 1482730870, '218.18.102.113', 1, 1, 1);
INSERT INTO `lc_member_verify` VALUES (42, 38, '13590355165', '6856', 1482732262, '114.117.21.225', 1, 1, 1);
INSERT INTO `lc_member_verify` VALUES (43, 39, '13631225809', '6067', 1482735854, '59.42.207.237', 1, 1, 1);
INSERT INTO `lc_member_verify` VALUES (44, 44, '13250715940', '8213', 1482736734, '113.65.115.15', 2, 1, 1);
INSERT INTO `lc_member_verify` VALUES (45, 0, '15017941252', '2511', 1482736308, '14.18.25.172', 1, 1, 0);
INSERT INTO `lc_member_verify` VALUES (46, 42, '13610117050', '8744', 1482736329, '14.18.25.172', 1, 1, 1);
INSERT INTO `lc_member_verify` VALUES (47, 43, '13274008954', '2212', 1482736467, '218.70.9.90', 1, 1, 1);
INSERT INTO `lc_member_verify` VALUES (48, 45, '15916545737', '7944', 1482736786, '27.38.164.113', 1, 1, 1);
INSERT INTO `lc_member_verify` VALUES (49, 46, '13530359720', '7892', 1482736874, '123.96.37.234', 1, 1, 1);
INSERT INTO `lc_member_verify` VALUES (50, 47, '13632390262', '9797', 1482736927, '113.109.161.65', 1, 1, 1);
INSERT INTO `lc_member_verify` VALUES (51, 48, '15975643501', '7103', 1482738306, '116.22.133.210', 1, 1, 1);
INSERT INTO `lc_member_verify` VALUES (52, 49, '13480271292', '3088', 1482741200, '218.19.205.242', 2, 1, 1);
INSERT INTO `lc_member_verify` VALUES (53, 50, '15118889530', '3942', 1482742433, '117.136.89.238', 1, 1, 1);
INSERT INTO `lc_member_verify` VALUES (54, 129, '15118063682', '5401', 1482986494, '119.139.199.210', 2, 1, 1);
INSERT INTO `lc_member_verify` VALUES (55, 51, '18565739851', '4331', 1482746712, '14.17.11.196', 1, 1, 1);
INSERT INTO `lc_member_verify` VALUES (56, 52, '18620300419', '2444', 1482749926, '121.35.208.170', 1, 1, 1);
INSERT INTO `lc_member_verify` VALUES (57, 53, '13922730191', '1479', 1482754605, '117.136.79.0', 1, 1, 1);
INSERT INTO `lc_member_verify` VALUES (58, 54, '13560741276', '7344', 1482757161, '14.103.0.42', 1, 1, 1);
INSERT INTO `lc_member_verify` VALUES (59, 55, '15914273187', '5292', 1482767437, '14.17.37.102', 1, 1, 1);
INSERT INTO `lc_member_verify` VALUES (60, 56, '13537656523', '6827', 1482798631, '119.129.255.75', 1, 1, 1);
INSERT INTO `lc_member_verify` VALUES (61, 57, '13554714263', '4136', 1482798966, '183.13.122.175', 1, 1, 1);
INSERT INTO `lc_member_verify` VALUES (62, 58, '18664847356', '8793', 1482799407, '183.61.51.190', 1, 1, 1);
INSERT INTO `lc_member_verify` VALUES (63, 59, '13922852654', '8204', 1482799923, '218.18.251.182', 1, 1, 1);
INSERT INTO `lc_member_verify` VALUES (64, 60, '18701756052', '9106', 1482800646, '183.17.228.192', 1, 1, 1);
INSERT INTO `lc_member_verify` VALUES (65, 62, '13530467403', '5402', 1482800917, '14.17.37.72', 1, 1, 1);
INSERT INTO `lc_member_verify` VALUES (66, 63, '13544333140', '7227', 1482800986, '120.236.164.16', 1, 1, 1);
INSERT INTO `lc_member_verify` VALUES (67, 64, '18565207956', '9626', 1482800994, '119.130.34.92', 1, 1, 1);
INSERT INTO `lc_member_verify` VALUES (68, 65, '18665862644', '8861', 1482801668, '183.14.28.162', 1, 1, 1);
INSERT INTO `lc_member_verify` VALUES (69, 66, '13286699876', '7993', 1482802014, '183.14.28.162', 1, 1, 1);
INSERT INTO `lc_member_verify` VALUES (70, 69, '15302601260', '8323', 1482802690, '119.137.3.199', 1, 1, 1);
INSERT INTO `lc_member_verify` VALUES (71, 0, '15302601260', '8883', 1486350176, '119.137.3.171', 0, 1, 0);
INSERT INTO `lc_member_verify` VALUES (72, 72, '13557447595', '3682', 1482803111, '116.23.154.63', 1, 1, 1);
INSERT INTO `lc_member_verify` VALUES (73, 0, '18869227947', '1183', 1482803428, '183.15.101.145', 1, 1, 0);
INSERT INTO `lc_member_verify` VALUES (74, 74, '18826519945', '2109', 1482803452, '183.15.101.145', 0, 1, 1);
INSERT INTO `lc_member_verify` VALUES (75, 76, '18701756052', '2146', 1482804338, '183.17.228.192', 1, 1, 1);
INSERT INTO `lc_member_verify` VALUES (76, 78, '13227475718', '5596', 1482807687, '183.14.172.215', 1, 1, 1);
INSERT INTO `lc_member_verify` VALUES (77, 81, '15999581590', '6275', 1482808544, '218.18.3.248', 1, 1, 1);
INSERT INTO `lc_member_verify` VALUES (78, 83, '13006698271', '5711', 1482810174, '220.112.239.47', 1, 1, 1);
INSERT INTO `lc_member_verify` VALUES (79, 85, '18620113941', '9430', 1482810605, '61.140.27.162', 1, 1, 1);
INSERT INTO `lc_member_verify` VALUES (80, 88, '15800006934', '3290', 1482811129, '183.63.190.90', 1, 1, 1);
INSERT INTO `lc_member_verify` VALUES (81, 0, '13632760413', '8073', 1533535922, '192.168.0.59', 3, 1, 0);
INSERT INTO `lc_member_verify` VALUES (82, 90, '15915394697', '4240', 1482816761, '117.136.40.190', 1, 1, 1);
INSERT INTO `lc_member_verify` VALUES (83, 91, '18665937537', '4692', 1482818267, '14.17.22.35', 1, 1, 1);
INSERT INTO `lc_member_verify` VALUES (84, 92, '13503041128', '4051', 1482820873, '58.62.28.68', 1, 1, 1);
INSERT INTO `lc_member_verify` VALUES (85, 95, '18475536508', '6859', 1482827414, '59.32.93.4', 1, 1, 1);
INSERT INTO `lc_member_verify` VALUES (86, 96, '18475536508', '8594', 1482827916, '59.32.93.4', 2, 1, 1);
INSERT INTO `lc_member_verify` VALUES (87, 97, '13510033096', '3514', 1482831956, '58.250.201.72', 1, 1, 1);
INSERT INTO `lc_member_verify` VALUES (88, 98, '15999726217', '2311', 1482832693, '113.87.230.139', 1, 1, 1);
INSERT INTO `lc_member_verify` VALUES (89, 99, '13025152514', '1125', 1482851071, '61.141.155.114', 1, 1, 1);
INSERT INTO `lc_member_verify` VALUES (90, 100, '18823730667', '7344', 1482853964, '113.118.97.88', 1, 1, 1);
INSERT INTO `lc_member_verify` VALUES (91, 101, '13682409951', '6901', 1482891123, '183.61.38.55', 1, 1, 1);
INSERT INTO `lc_member_verify` VALUES (92, 102, '13823609517', '8589', 1482892002, '183.15.176.166', 1, 1, 1);
INSERT INTO `lc_member_verify` VALUES (93, 103, '13430266604', '4877', 1482893223, '58.250.250.87', 1, 1, 1);
INSERT INTO `lc_member_verify` VALUES (94, 104, '13296517693', '3277', 1482893843, '61.183.143.122', 1, 1, 1);
INSERT INTO `lc_member_verify` VALUES (95, 105, '18500646659', '2783', 1482895361, '183.63.190.90', 1, 1, 1);
INSERT INTO `lc_member_verify` VALUES (96, 106, '15810245990', '5887', 1482899052, '223.104.3.240', 1, 1, 1);
INSERT INTO `lc_member_verify` VALUES (97, 107, '13622870545', '6673', 1482903176, '113.109.233.184', 1, 1, 1);
INSERT INTO `lc_member_verify` VALUES (98, 108, '17090390666', '5728', 1482907048, '59.108.163.200', 1, 1, 1);
INSERT INTO `lc_member_verify` VALUES (99, 109, '17600074310', '8867', 1482907587, '61.148.244.224', 1, 1, 1);
INSERT INTO `lc_member_verify` VALUES (100, 0, '18701756052', '5236', 1482918337, '183.17.228.192', 1, 1, 0);
INSERT INTO `lc_member_verify` VALUES (101, 110, '15626188024', '3162', 1482918867, '14.147.28.205', 1, 1, 1);
INSERT INTO `lc_member_verify` VALUES (102, 111, '13416457060', '6579', 1482976064, '121.8.255.54', 1, 1, 1);
INSERT INTO `lc_member_verify` VALUES (103, 112, '18680312265', '6327', 1482976138, '119.145.15.27', 1, 1, 1);
INSERT INTO `lc_member_verify` VALUES (104, 113, '15914073119', '7971', 1482976246, '203.86.30.213', 1, 1, 1);
INSERT INTO `lc_member_verify` VALUES (105, 114, '13510867878', '3168', 1482976321, '175.191.19.152', 1, 1, 1);
INSERT INTO `lc_member_verify` VALUES (106, 115, '13422844386', '4956', 1482976483, '113.109.213.32', 1, 1, 1);
INSERT INTO `lc_member_verify` VALUES (107, 116, '18826531373', '1330', 1482976740, '183.14.111.235', 1, 1, 1);
INSERT INTO `lc_member_verify` VALUES (108, 117, '13168368485', '8954', 1482976883, '116.22.101.249', 1, 1, 1);
INSERT INTO `lc_member_verify` VALUES (109, 118, '17086234391', '2751', 1482976918, '121.35.183.166', 1, 1, 1);
INSERT INTO `lc_member_verify` VALUES (110, 119, '13535163487', '6937', 1482976990, '60.166.38.218', 1, 1, 1);
INSERT INTO `lc_member_verify` VALUES (111, 120, '18620157093', '1004', 1482978346, '219.132.180.184', 1, 1, 1);
INSERT INTO `lc_member_verify` VALUES (112, 122, '13427913336', '7938', 1482979166, '175.191.19.152', 2, 1, 1);
INSERT INTO `lc_member_verify` VALUES (113, 121, '18124151075', '3984', 1482979171, '120.237.90.134', 1, 1, 1);
INSERT INTO `lc_member_verify` VALUES (114, 123, '15521336395', '4543', 1482979482, '113.67.144.47', 1, 1, 1);
INSERT INTO `lc_member_verify` VALUES (115, 124, '15800228945', '8054', 1482980791, '14.153.14.47', 1, 1, 1);
INSERT INTO `lc_member_verify` VALUES (116, 125, '13723791783', '4986', 1482982802, '119.136.46.75', 1, 1, 1);
INSERT INTO `lc_member_verify` VALUES (117, 126, '13794474295', '1655', 1482982988, '210.21.221.18', 1, 1, 1);
INSERT INTO `lc_member_verify` VALUES (118, 127, '18898619513', '8668', 1482983188, '119.123.6.238', 1, 1, 1);
INSERT INTO `lc_member_verify` VALUES (119, 0, '13768349086', '6359', 1482983475, '175.191.19.152', 1, 1, 0);
INSERT INTO `lc_member_verify` VALUES (120, 0, '18617020450', '5155', 1482983704, '113.116.95.24', 2, 1, 0);
INSERT INTO `lc_member_verify` VALUES (121, 128, '13798349086', '8383', 1482983747, '175.191.19.152', 1, 1, 1);
INSERT INTO `lc_member_verify` VALUES (122, 0, '13713581864', '9422', 1482984301, '183.38.250.211', 1, 1, 0);
INSERT INTO `lc_member_verify` VALUES (123, 130, '18503080711', '8810', 1482989960, '14.23.165.211', 1, 1, 1);
INSERT INTO `lc_member_verify` VALUES (124, 0, '18503080711', '1884', 1482990055, '14.23.165.211', 1, 1, 0);
INSERT INTO `lc_member_verify` VALUES (125, 83, '13006698271', '6224', 1482990298, '220.112.239.47', 1, 2, 1);
INSERT INTO `lc_member_verify` VALUES (126, 131, '13664920385', '7821', 1482991952, '117.136.79.58', 1, 1, 1);
INSERT INTO `lc_member_verify` VALUES (127, 132, '13430957917', '5994', 1482993150, '183.14.110.79', 1, 1, 1);
INSERT INTO `lc_member_verify` VALUES (128, 133, '15800235533', '1664', 1482996102, '119.130.229.75', 1, 1, 1);
INSERT INTO `lc_member_verify` VALUES (129, 134, '15889754603', '4421', 1483002459, '183.16.4.207', 1, 1, 1);
INSERT INTO `lc_member_verify` VALUES (130, 135, '15013684171', '2876', 1483002960, '218.17.162.170', 4, 1, 1);
INSERT INTO `lc_member_verify` VALUES (131, 136, '13534617978', '8124', 1483007079, '58.248.137.5', 2, 1, 1);
INSERT INTO `lc_member_verify` VALUES (132, 0, '13672447155', '7827', 1483067710, '175.191.19.152', 2, 1, 0);
INSERT INTO `lc_member_verify` VALUES (133, 0, '15000195057', '5431', 1483067234, '101.81.228.88', 0, 1, 0);
INSERT INTO `lc_member_verify` VALUES (134, 0, '13917627058', '6330', 1483067282, '101.81.228.88', 1, 1, 0);
INSERT INTO `lc_member_verify` VALUES (135, 137, '15220088351', '6120', 1483102215, '116.22.172.64', 1, 1, 1);
INSERT INTO `lc_member_verify` VALUES (136, 1260, '13649268368', '2390', 1483192661, '123.139.83.71', 1, 1, 1);
INSERT INTO `lc_member_verify` VALUES (137, 0, '18627900800', '2064', 1483362771, '121.35.183.248', 1, 1, 0);
INSERT INTO `lc_member_verify` VALUES (138, 182, '18627900800', '4127', 1483362849, '121.35.183.248', 1, 2, 1);
INSERT INTO `lc_member_verify` VALUES (139, 0, '13509639212', '7196', 1483421368, '14.17.37.102', 3, 1, 0);
INSERT INTO `lc_member_verify` VALUES (140, 1261, '18617146748', '3464', 1483422868, '113.108.11.50', 1, 1, 1);
INSERT INTO `lc_member_verify` VALUES (141, 96, '18475536508', '6182', 1483428025, '183.8.190.180', 3, 2, 1);
INSERT INTO `lc_member_verify` VALUES (142, 0, '13710215574', '4207', 1483427946, '219.134.163.210', 1, 1, 0);
INSERT INTO `lc_member_verify` VALUES (143, 1262, '15979043641', '1150', 1483513421, '183.14.24.90', 1, 1, 1);
INSERT INTO `lc_member_verify` VALUES (144, 0, '15507552698', '1537', 1483589550, '183.3.221.184', 1, 1, 0);
INSERT INTO `lc_member_verify` VALUES (145, 1263, '13543107034', '1163', 1483590075, '183.63.74.242', 1, 1, 1);
INSERT INTO `lc_member_verify` VALUES (146, 1264, '18664640930', '5889', 1483617765, '58.20.75.92', 1, 1, 1);
INSERT INTO `lc_member_verify` VALUES (147, 1265, '15972190587', '6079', 1483663045, '121.8.170.250', 1, 1, 1);
INSERT INTO `lc_member_verify` VALUES (148, 0, '15972190587', '6373', 1483663429, '117.136.32.50', 1, 1, 0);
INSERT INTO `lc_member_verify` VALUES (149, 1266, '18797816310', '7664', 1483663669, '183.61.51.195', 1, 1, 1);
INSERT INTO `lc_member_verify` VALUES (150, 0, '18797816310', '9875', 1483663774, '59.53.37.84', 1, 1, 0);
INSERT INTO `lc_member_verify` VALUES (151, 0, '13480272292', '8657', 1483664832, '218.19.205.142', 1, 1, 0);
INSERT INTO `lc_member_verify` VALUES (152, 0, '13480271292', '6543', 1486430152, '218.19.207.133', 2, 1, 0);
INSERT INTO `lc_member_verify` VALUES (153, 1267, '13689588320', '1026', 1483665090, '111.222.180.78', 1, 1, 1);
INSERT INTO `lc_member_verify` VALUES (154, 1268, '18303419919', '8055', 1483665191, '119.122.246.221', 1, 1, 1);
INSERT INTO `lc_member_verify` VALUES (155, 1269, '15626546664', '5763', 1483665355, '218.17.71.18', 1, 1, 1);
INSERT INTO `lc_member_verify` VALUES (156, 1270, '15013669349', '4497', 1483665787, '116.25.97.196', 1, 1, 1);
INSERT INTO `lc_member_verify` VALUES (157, 1271, '13437811434', '5980', 1483666769, '58.63.123.244', 1, 1, 1);
INSERT INTO `lc_member_verify` VALUES (158, 1272, '18320889905', '1358', 1483667752, '183.39.159.208', 1, 1, 1);
INSERT INTO `lc_member_verify` VALUES (159, 1274, '13049885393', '7643', 1483668825, '116.77.23.86', 1, 1, 1);
INSERT INTO `lc_member_verify` VALUES (160, 1273, '13060647307', '3753', 1483668825, '121.33.145.17', 1, 1, 1);
INSERT INTO `lc_member_verify` VALUES (161, 0, '15017520489', '5889', 1483669041, '116.30.70.217', 1, 1, 0);
INSERT INTO `lc_member_verify` VALUES (162, 1020, '15017520489', '7607', 1483669081, '116.30.70.217', 1, 2, 1);
INSERT INTO `lc_member_verify` VALUES (163, 0, '18773338239', '2557', 1483670622, '120.236.34.250', 1, 1, 0);
INSERT INTO `lc_member_verify` VALUES (164, 1214, '18773338239', '2617', 1483670657, '120.236.34.250', 1, 2, 1);
INSERT INTO `lc_member_verify` VALUES (165, 1275, '13544688610', '8090', 1483670687, '14.17.37.161', 1, 1, 1);
INSERT INTO `lc_member_verify` VALUES (166, 0, '15914928595', '6779', 1483672855, '202.105.145.82', 1, 1, 0);
INSERT INTO `lc_member_verify` VALUES (167, 0, '15913190910', '5383', 1483673577, '119.130.171.11', 2, 1, 0);
INSERT INTO `lc_member_verify` VALUES (168, 0, '13410356813', '4147', 1483673657, '202.105.104.84', 1, 1, 0);
INSERT INTO `lc_member_verify` VALUES (169, 1103, '13410356813', '9552', 1483673787, '202.105.104.84', 2, 2, 1);
INSERT INTO `lc_member_verify` VALUES (170, 1276, '13683160619', '2661', 1483674301, '14.104.193.74', 1, 1, 1);
INSERT INTO `lc_member_verify` VALUES (171, 1277, '13143009576', '8811', 1483674527, '116.24.21.173', 1, 1, 1);
INSERT INTO `lc_member_verify` VALUES (172, 1278, '13128833128', '9232', 1483674908, '219.133.40.16', 1, 1, 1);
INSERT INTO `lc_member_verify` VALUES (173, 1279, '18898693661', '1683', 1483675020, '218.107.55.254', 1, 1, 1);
INSERT INTO `lc_member_verify` VALUES (174, 0, '13450450391', '8447', 1483675069, '113.108.0.15', 1, 1, 0);
INSERT INTO `lc_member_verify` VALUES (175, 1224, '13450450391', '4796', 1483675134, '14.17.11.196', 1, 2, 1);
INSERT INTO `lc_member_verify` VALUES (176, 0, '15350408973', '1584', 1483684666, '113.113.63.4', 1, 1, 0);
INSERT INTO `lc_member_verify` VALUES (177, 0, '15350408973', '1134', 1483684741, '113.113.63.4', 1, 2, 0);
INSERT INTO `lc_member_verify` VALUES (178, 1280, '13631593958', '1984', 1483684974, '183.63.190.90', 1, 1, 1);
INSERT INTO `lc_member_verify` VALUES (179, 1281, '15012902865', '2985', 1483686522, '112.95.193.46', 1, 1, 1);
INSERT INTO `lc_member_verify` VALUES (180, 1282, '15919161013', '5233', 1483686905, '183.14.134.230', 1, 1, 1);
INSERT INTO `lc_member_verify` VALUES (181, 0, '13512747134', '4463', 1483687067, '113.108.186.130', 1, 1, 0);
INSERT INTO `lc_member_verify` VALUES (182, 830, '13512747134', '5014', 1483687187, '113.108.186.130', 1, 2, 1);
INSERT INTO `lc_member_verify` VALUES (183, 1283, '18682106172', '5681', 1483695452, '27.38.32.52', 3, 1, 1);
INSERT INTO `lc_member_verify` VALUES (184, 0, '13662570113', '5933', 1483863852, '117.136.79.109', 1, 1, 0);
INSERT INTO `lc_member_verify` VALUES (185, 705, '13662570113', '1774', 1483863893, '117.136.79.109', 1, 2, 1);
INSERT INTO `lc_member_verify` VALUES (186, 1284, '13715265564', '2409', 1483927940, '219.134.80.134', 1, 1, 1);
INSERT INTO `lc_member_verify` VALUES (187, 1285, '18318936503', '9912', 1483931805, '183.14.132.83', 1, 1, 1);
INSERT INTO `lc_member_verify` VALUES (188, 0, '18318936503', '4351', 1483932119, '183.14.132.83', 1, 1, 0);
INSERT INTO `lc_member_verify` VALUES (189, 1286, '18060011822', '5542', 1484013201, '59.41.92.168', 1, 1, 1);
INSERT INTO `lc_member_verify` VALUES (190, 1286, '18060011822', '1159', 1484013414, '59.41.92.168', 1, 2, 1);
INSERT INTO `lc_member_verify` VALUES (191, 1287, '18825196990', '7617', 1484017388, '218.19.137.85', 1, 1, 1);
INSERT INTO `lc_member_verify` VALUES (192, 1290, '15889292544', '3202', 1484037815, '175.191.19.152', 2, 1, 1);
INSERT INTO `lc_member_verify` VALUES (193, 0, '13760623841', '4718', 1484019984, '223.73.64.130', 1, 1, 0);
INSERT INTO `lc_member_verify` VALUES (194, 1194, '13760623841', '3323', 1484020065, '223.73.64.130', 1, 2, 1);
INSERT INTO `lc_member_verify` VALUES (195, 0, '17080139930', '3056', 1484020800, '123.92.190.213', 1, 1, 0);
INSERT INTO `lc_member_verify` VALUES (196, 1288, '13538800485', '9595', 1484022983, '117.136.32.91', 1, 1, 1);
INSERT INTO `lc_member_verify` VALUES (197, 1289, '18674008695', '9682', 1484035105, '119.79.228.8', 1, 1, 1);
INSERT INTO `lc_member_verify` VALUES (198, 1291, '13693389522', '9579', 1484038117, '210.82.98.45', 1, 1, 1);
INSERT INTO `lc_member_verify` VALUES (199, 1292, '13647205630', '4630', 1484096591, '113.57.69.188', 1, 1, 1);
INSERT INTO `lc_member_verify` VALUES (200, 1293, '15521222395', '9422', 1484099482, '119.129.224.93', 1, 1, 1);
INSERT INTO `lc_member_verify` VALUES (201, 0, '18899857236', '5731', 1484099999, '175.191.19.152', 1, 1, 0);
INSERT INTO `lc_member_verify` VALUES (202, 1294, '13751781586', '5421', 1484100118, '175.191.19.152', 1, 1, 1);
INSERT INTO `lc_member_verify` VALUES (203, 1295, '18817337561', '3095', 1484112760, '180.166.192.66', 1, 1, 1);
INSERT INTO `lc_member_verify` VALUES (204, 1296, '13570636030', '4114', 1484117004, '113.76.90.208', 1, 1, 1);
INSERT INTO `lc_member_verify` VALUES (205, 1297, '13410039959', '2302', 1484119821, '113.98.241.74', 1, 1, 1);
INSERT INTO `lc_member_verify` VALUES (206, 1298, '18219103007', '5862', 1484130416, '117.136.40.189', 1, 1, 1);
INSERT INTO `lc_member_verify` VALUES (207, 0, '15972912058', '1149', 1484184391, '218.17.162.92', 1, 1, 0);
INSERT INTO `lc_member_verify` VALUES (208, 720, '15972912058', '1948', 1484184447, '218.17.162.92', 1, 2, 1);
INSERT INTO `lc_member_verify` VALUES (209, 1299, '18665861460', '6870', 1484541918, '116.30.70.249', 1, 1, 1);
INSERT INTO `lc_member_verify` VALUES (210, 0, '13265778831', '1491', 1484753201, '113.89.39.254', 1, 1, 0);
INSERT INTO `lc_member_verify` VALUES (211, 525, '13265778831', '3001', 1484753251, '14.17.11.196', 1, 2, 1);
INSERT INTO `lc_member_verify` VALUES (212, 1300, '13715336206', '9837', 1484796774, '119.136.114.194', 1, 1, 1);
INSERT INTO `lc_member_verify` VALUES (213, 0, '18681505751', '3999', 1485070446, '101.107.97.244', 1, 1, 0);
INSERT INTO `lc_member_verify` VALUES (214, 1352, '15920041878', '9020', 1486976808, '218.17.197.114', 2, 1, 1);
INSERT INTO `lc_member_verify` VALUES (215, 35, '13725361862', '3282', 1485086561, '101.107.97.244', 1, 2, 1);
INSERT INTO `lc_member_verify` VALUES (216, 1302, '13428713585', '4689', 1485143642, '106.38.0.105', 1, 1, 1);
INSERT INTO `lc_member_verify` VALUES (217, 0, '18566248481', '6572', 1485143767, '61.144.197.29', 1, 1, 0);
INSERT INTO `lc_member_verify` VALUES (218, 0, '18676630171', '7033', 1485150065, '112.96.128.91', 1, 1, 0);
INSERT INTO `lc_member_verify` VALUES (219, 153, '18676630171', '9024', 1485150133, '112.96.128.91', 1, 2, 1);
INSERT INTO `lc_member_verify` VALUES (220, 1028, '18566248481', '1618', 1485154475, '61.144.196.175', 1, 2, 1);
INSERT INTO `lc_member_verify` VALUES (221, 1303, '13824452738', '1991', 1485164330, '59.42.54.2', 1, 1, 1);
INSERT INTO `lc_member_verify` VALUES (222, 1304, '13600000000', '3861', 1486015111, '125.62.40.3', 1, 1, 1);
INSERT INTO `lc_member_verify` VALUES (223, 1305, '13811534057', '7632', 1486117269, '223.104.38.41', 1, 1, 1);
INSERT INTO `lc_member_verify` VALUES (224, 1306, '13527737586', '1718', 1486202565, '223.104.1.97', 1, 1, 1);
INSERT INTO `lc_member_verify` VALUES (225, 1307, '15778669649', '2222', 1486275688, '157.122.54.189', 1, 1, 1);
INSERT INTO `lc_member_verify` VALUES (226, 0, '13530259955', '1826', 1486344048, '218.17.107.26', 1, 1, 0);
INSERT INTO `lc_member_verify` VALUES (227, 176, '13530259955', '8563', 1486344088, '218.17.107.26', 1, 2, 1);
INSERT INTO `lc_member_verify` VALUES (228, 0, '18603071077', '1719', 1486345289, '183.54.33.65', 1, 1, 0);
INSERT INTO `lc_member_verify` VALUES (229, 892, '18603071077', '5680', 1486345378, '183.54.33.65', 1, 2, 1);
INSERT INTO `lc_member_verify` VALUES (230, 1309, '18613070579', '7880', 1486346156, '61.144.46.66', 2, 1, 1);
INSERT INTO `lc_member_verify` VALUES (231, 1130, '13274008954', '1002', 1486346046, '218.70.9.90', 1, 2, 1);
INSERT INTO `lc_member_verify` VALUES (232, 1308, '13723757620', '4757', 1486346113, '220.112.236.131', 1, 1, 1);
INSERT INTO `lc_member_verify` VALUES (233, 1310, '18566771053', '7536', 1486347190, '183.15.177.139', 1, 1, 1);
INSERT INTO `lc_member_verify` VALUES (234, 0, '15901920449', '2219', 1486347217, '113.66.50.189', 1, 1, 0);
INSERT INTO `lc_member_verify` VALUES (235, 791, '15901920449', '5591', 1486347265, '113.66.50.189', 1, 2, 1);
INSERT INTO `lc_member_verify` VALUES (236, 0, '15689456454', '2303', 1486349949, '119.137.3.171', 0, 2, 0);
INSERT INTO `lc_member_verify` VALUES (237, 0, '15689456456', '6065', 1486349965, '119.137.3.171', 0, 2, 0);
INSERT INTO `lc_member_verify` VALUES (238, 0, '15689456458', '7936', 1486349970, '119.137.3.171', 0, 2, 0);
INSERT INTO `lc_member_verify` VALUES (239, 0, '18655652544', '3312', 1486349998, '119.137.3.171', 0, 2, 0);
INSERT INTO `lc_member_verify` VALUES (240, 0, '15302601260', '1552', 1486350045, '119.137.3.171', 0, 2, 0);
INSERT INTO `lc_member_verify` VALUES (241, 1311, '13822272380', '2503', 1486351683, '117.136.41.83', 1, 1, 1);
INSERT INTO `lc_member_verify` VALUES (242, 1312, '17620338080', '5919', 1486352189, '113.92.152.9', 1, 1, 1);
INSERT INTO `lc_member_verify` VALUES (243, 1313, '18530210331', '4179', 1486362346, '106.39.63.211', 1, 1, 1);
INSERT INTO `lc_member_verify` VALUES (244, 0, '15914134784', '4275', 1486363797, '14.215.172.225', 1, 1, 0);
INSERT INTO `lc_member_verify` VALUES (245, 295, '15914134784', '9899', 1486363909, '14.215.172.225', 1, 2, 1);
INSERT INTO `lc_member_verify` VALUES (246, 1314, '13560195701', '1001', 1486366889, '58.62.220.66', 1, 1, 1);
INSERT INTO `lc_member_verify` VALUES (247, 1315, '18926108037', '8308', 1486370128, '210.21.125.213', 1, 1, 1);
INSERT INTO `lc_member_verify` VALUES (248, 1317, '18588271226', '8004', 1486377510, '112.97.57.152', 1, 1, 1);
INSERT INTO `lc_member_verify` VALUES (249, 1318, '15111848597', '5672', 1486382430, '27.10.141.188', 1, 1, 1);
INSERT INTO `lc_member_verify` VALUES (250, 55, '15914273187', '1640', 1486393762, '27.46.23.174', 1, 2, 1);
INSERT INTO `lc_member_verify` VALUES (251, 1319, '13510436624', '4852', 1486395488, '101.232.16.158', 1, 1, 1);
INSERT INTO `lc_member_verify` VALUES (252, 49, '13480271292', '4860', 1486430298, '218.19.207.133', 2, 2, 1);
INSERT INTO `lc_member_verify` VALUES (253, 1320, '13610228369', '4338', 1486443792, '117.136.41.82', 1, 1, 1);
INSERT INTO `lc_member_verify` VALUES (254, 0, '18682241716', '7304', 1486466866, '121.34.159.121', 1, 1, 0);
INSERT INTO `lc_member_verify` VALUES (255, 298, '18682241716', '9054', 1486466929, '121.34.159.121', 1, 2, 1);
INSERT INTO `lc_member_verify` VALUES (256, 1321, '13430668078', '2146', 1486482620, '183.14.37.85', 1, 1, 1);
INSERT INTO `lc_member_verify` VALUES (257, 0, '13580420195', '2712', 1486524716, '121.8.255.54', 1, 1, 0);
INSERT INTO `lc_member_verify` VALUES (258, 1137, '13580420195', '8451', 1486524764, '121.8.255.54', 2, 2, 1);
INSERT INTO `lc_member_verify` VALUES (259, 1323, '15711974458', '1509', 1486537488, '183.11.131.159', 1, 1, 1);
INSERT INTO `lc_member_verify` VALUES (260, 1329, '15815515601', '6316', 1486568043, '183.13.218.82', 1, 1, 1);
INSERT INTO `lc_member_verify` VALUES (261, 1330, '13049825236', '6015', 1486571745, '111.222.128.83', 1, 1, 1);
INSERT INTO `lc_member_verify` VALUES (262, 1331, '13927461666', '4201', 1486606955, '117.136.40.210', 1, 1, 1);
INSERT INTO `lc_member_verify` VALUES (263, 0, '18627734982', '7051', 1486608420, '59.173.237.106', 1, 1, 0);
INSERT INTO `lc_member_verify` VALUES (264, 1332, '15361812671', '1283', 1486608449, '218.18.45.250', 1, 1, 1);
INSERT INTO `lc_member_verify` VALUES (265, 758, '18627734982', '9120', 1486608458, '59.173.237.106', 1, 2, 1);
INSERT INTO `lc_member_verify` VALUES (266, 0, '15920876168', '6462', 1486609015, '121.33.145.66', 1, 2, 0);
INSERT INTO `lc_member_verify` VALUES (267, 0, '13480729896', '5123', 1486611520, '183.39.173.38', 1, 1, 0);
INSERT INTO `lc_member_verify` VALUES (268, 0, '15302697763', '7527', 1486611563, '58.250.203.247', 1, 1, 0);
INSERT INTO `lc_member_verify` VALUES (269, 1101, '15302697763', '4475', 1486611609, '58.250.203.247', 1, 2, 1);
INSERT INTO `lc_member_verify` VALUES (270, 1333, '13826087301', '1593', 1486611611, '14.23.32.50', 1, 1, 1);
INSERT INTO `lc_member_verify` VALUES (271, 0, '15989152095', '9392', 1486612028, '45.76.215.98', 1, 1, 0);
INSERT INTO `lc_member_verify` VALUES (272, 781, '15989152095', '3667', 1486612071, '45.76.215.98', 1, 2, 1);
INSERT INTO `lc_member_verify` VALUES (273, 0, '15989202570', '5544', 1486612224, '116.76.254.8', 1, 1, 0);
INSERT INTO `lc_member_verify` VALUES (274, 373, '15989202570', '2658', 1486612381, '116.76.254.8', 1, 2, 1);
INSERT INTO `lc_member_verify` VALUES (275, 1334, '15088056216', '3121', 1486612836, '119.130.185.14', 1, 1, 1);
INSERT INTO `lc_member_verify` VALUES (276, 0, '18565021357', '1987', 1486615249, '218.205.175.158', 1, 1, 0);
INSERT INTO `lc_member_verify` VALUES (277, 0, '15626107670', '7116', 1486616397, '113.92.128.255', 1, 1, 0);
INSERT INTO `lc_member_verify` VALUES (278, 0, '18817628610', '4941', 1486618834, '113.68.33.137', 1, 1, 0);
INSERT INTO `lc_member_verify` VALUES (279, 400, '18817628610', '4651', 1486618891, '113.68.33.137', 1, 2, 1);
INSERT INTO `lc_member_verify` VALUES (280, 0, '17722528684', '9136', 1486619441, '183.238.188.194', 1, 1, 0);
INSERT INTO `lc_member_verify` VALUES (281, 290, '17722528684', '8337', 1486619483, '183.238.188.194', 1, 2, 1);
INSERT INTO `lc_member_verify` VALUES (282, 1336, '15012784584', '7974', 1486620355, '121.34.131.206', 1, 1, 1);
INSERT INTO `lc_member_verify` VALUES (283, 0, '15011957268', '3680', 1486621543, '14.23.164.242', 1, 1, 0);
INSERT INTO `lc_member_verify` VALUES (284, 1146, '15011957268', '7426', 1486621610, '14.23.164.242', 1, 2, 1);
INSERT INTO `lc_member_verify` VALUES (285, 1337, '18318839170', '3135', 1486621637, '219.136.74.225', 1, 1, 1);
INSERT INTO `lc_member_verify` VALUES (286, 0, '18566268983', '5758', 1486624454, '121.35.183.93', 1, 1, 0);
INSERT INTO `lc_member_verify` VALUES (287, 211, '18566268983', '8547', 1486624493, '121.35.183.93', 1, 2, 1);
INSERT INTO `lc_member_verify` VALUES (288, 0, '15177467011', '1400', 1486624880, '1.185.22.244', 1, 1, 0);
INSERT INTO `lc_member_verify` VALUES (289, 0, '13689544405', '6637', 1486625362, '116.76.254.11', 1, 1, 0);
INSERT INTO `lc_member_verify` VALUES (290, 679, '13689544405', '4502', 1486625409, '116.76.254.11', 1, 2, 1);
INSERT INTO `lc_member_verify` VALUES (291, 1338, '15926407709', '2902', 1486629884, '219.133.170.76', 1, 1, 1);
INSERT INTO `lc_member_verify` VALUES (292, 0, '15323449008', '3621', 1486646033, '101.232.156.17', 1, 1, 0);
INSERT INTO `lc_member_verify` VALUES (293, 1339, '13500017067', '9068', 1486651830, '223.73.116.18', 1, 1, 1);
INSERT INTO `lc_member_verify` VALUES (294, 1340, '18676688099', '7112', 1486690505, '220.112.14.242', 1, 1, 1);
INSERT INTO `lc_member_verify` VALUES (295, 1342, '13600001225', '8066', 1486700506, '120.197.83.175', 1, 1, 1);
INSERT INTO `lc_member_verify` VALUES (296, 0, '15219489490', '9844', 1486708973, '112.95.157.194', 1, 1, 0);
INSERT INTO `lc_member_verify` VALUES (297, 0, '18689495850', '2506', 1486716355, '163.125.243.47', 2, 1, 0);
INSERT INTO `lc_member_verify` VALUES (298, 1344, '15274630546', '7451', 1486821276, '42.49.81.68', 1, 1, 1);
INSERT INTO `lc_member_verify` VALUES (299, 1345, '13510249621', '7526', 1486952752, '27.38.32.28', 1, 1, 1);
INSERT INTO `lc_member_verify` VALUES (300, 0, '13923752903', '6745', 1487248764, '163.125.21.185', 2, 1, 0);
INSERT INTO `lc_member_verify` VALUES (301, 1346, '15626113574', '6652', 1486953037, '58.62.165.158', 1, 1, 1);
INSERT INTO `lc_member_verify` VALUES (302, 0, '18818571170', '9659', 1486954862, '112.38.205.132', 1, 1, 0);
INSERT INTO `lc_member_verify` VALUES (303, 0, '15915447455', '2304', 1486955428, '121.15.129.253', 1, 1, 0);
INSERT INTO `lc_member_verify` VALUES (304, 0, '18718341393', '2990', 1486955902, '113.67.11.37', 1, 1, 0);
INSERT INTO `lc_member_verify` VALUES (305, 1347, '13466705630', '9552', 1486956624, '114.253.251.10', 1, 1, 1);
INSERT INTO `lc_member_verify` VALUES (306, 1348, '15669068830', '7767', 1486957792, '14.28.136.89', 1, 1, 1);
INSERT INTO `lc_member_verify` VALUES (307, 1349, '18319999461', '4179', 1486960102, '223.104.63.19', 1, 1, 1);
INSERT INTO `lc_member_verify` VALUES (308, 1350, '13590356549', '5077', 1486968493, '119.139.199.195', 1, 1, 1);
INSERT INTO `lc_member_verify` VALUES (309, 1351, '13794074759', '7139', 1486973352, '14.116.62.53', 1, 1, 1);
INSERT INTO `lc_member_verify` VALUES (310, 1353, '18896827613', '1103', 1486976917, '117.136.11.166', 1, 1, 1);
INSERT INTO `lc_member_verify` VALUES (311, 0, '13396094657', '4974', 1486977166, '220.249.72.237', 2, 2, 0);
INSERT INTO `lc_member_verify` VALUES (312, 28, '13343495298', '9305', 1487227406, '220.249.72.237', 3, 2, 1);
INSERT INTO `lc_member_verify` VALUES (313, 1354, '18520858704', '7174', 1486978572, '123.98.46.234', 1, 1, 1);
INSERT INTO `lc_member_verify` VALUES (314, 1357, '15102079524', '7402', 1486994999, '119.123.177.107', 1, 1, 1);
INSERT INTO `lc_member_verify` VALUES (315, 1360, '18682383989', '3019', 1487056146, '112.97.59.115', 1, 1, 1);
INSERT INTO `lc_member_verify` VALUES (316, 1361, '13871030242', '2132', 1487070675, '117.136.40.214', 1, 1, 1);
INSERT INTO `lc_member_verify` VALUES (317, 1362, '13701115637', '9280', 1487079282, '116.243.234.162', 1, 1, 1);
INSERT INTO `lc_member_verify` VALUES (318, 0, '13600401231', '7275', 1487120187, '210.21.213.194', 1, 1, 0);
INSERT INTO `lc_member_verify` VALUES (319, 147, '13600401231', '1683', 1487120235, '210.21.213.194', 1, 2, 1);
INSERT INTO `lc_member_verify` VALUES (320, 0, '13927728749', '4790', 1487125301, '183.63.74.251', 1, 1, 0);
INSERT INTO `lc_member_verify` VALUES (321, 1363, '15995493796', '2038', 1487140301, '153.37.197.114', 1, 1, 1);
INSERT INTO `lc_member_verify` VALUES (322, 1364, '18781127415', '9646', 1487165967, '222.211.223.213', 1, 1, 1);
INSERT INTO `lc_member_verify` VALUES (323, 0, '18281787761', '4618', 1487166082, '183.192.87.99', 2, 1, 0);
INSERT INTO `lc_member_verify` VALUES (324, 1365, '18201787761', '2962', 1487166144, '183.192.87.99', 1, 1, 1);
INSERT INTO `lc_member_verify` VALUES (325, 0, '13427588116', '4428', 1487209929, '113.108.171.74', 1, 1, 0);
INSERT INTO `lc_member_verify` VALUES (326, 1108, '13427588116', '4352', 1487209975, '113.108.171.74', 1, 2, 1);
INSERT INTO `lc_member_verify` VALUES (327, 1366, '15014173076', '5727', 1487210307, '183.62.8.154', 1, 1, 1);
INSERT INTO `lc_member_verify` VALUES (328, 1367, '15982223214', '9159', 1487225780, '222.211.205.43', 1, 1, 1);
INSERT INTO `lc_member_verify` VALUES (329, 0, '15323449008', '6918', 1487227553, '114.116.101.43', 2, 2, 0);
INSERT INTO `lc_member_verify` VALUES (330, 0, '13672447155', '3956', 1487227207, '114.116.101.43', 1, 2, 0);
INSERT INTO `lc_member_verify` VALUES (331, 0, '15602925002', '7769', 1487230731, '14.17.22.49', 1, 1, 0);
INSERT INTO `lc_member_verify` VALUES (332, 1368, '13538731667', '4129', 1487238833, '114.117.122.9', 1, 1, 1);
INSERT INTO `lc_member_verify` VALUES (333, 0, '15919880487', '4514', 1487248136, '183.240.38.100', 1, 1, 0);
INSERT INTO `lc_member_verify` VALUES (334, 1031, '15919880487', '6825', 1487248202, '223.104.174.213', 1, 2, 1);
INSERT INTO `lc_member_verify` VALUES (335, 1231, '13923752903', '8358', 1487248803, '163.125.21.185', 1, 2, 1);
INSERT INTO `lc_member_verify` VALUES (336, 0, '15574402025', '6373', 1487250759, '113.89.239.179', 1, 1, 0);
INSERT INTO `lc_member_verify` VALUES (337, 1371, '17602093918', '6399', 1487252076, '112.97.225.247', 2, 1, 1);
INSERT INTO `lc_member_verify` VALUES (338, 1372, '18825406892', '9678', 1487252742, '117.136.79.231', 1, 1, 1);
INSERT INTO `lc_member_verify` VALUES (339, 1373, '18825406892', '1397', 1487254002, '117.136.79.231', 3, 1, 1);
INSERT INTO `lc_member_verify` VALUES (340, 1374, '13265354590', '3796', 1487300568, '61.144.144.245', 1, 1, 1);
INSERT INTO `lc_member_verify` VALUES (341, 1375, '13632472225', '4299', 1487314923, '117.136.32.57', 1, 1, 1);
INSERT INTO `lc_member_verify` VALUES (342, 0, '17098821991', '3053', 1487342183, '27.38.255.36', 1, 1, 0);
INSERT INTO `lc_member_verify` VALUES (343, 1038, '17098821991', '5028', 1487342257, '27.38.255.36', 1, 2, 1);
INSERT INTO `lc_member_verify` VALUES (344, 0, '18060011822', '2649', 1487361702, '59.41.92.221', 1, 2, 0);
INSERT INTO `lc_member_verify` VALUES (345, 1378, '18645066933', '5897', 1487379119, '222.135.230.120', 1, 1, 1);
INSERT INTO `lc_member_verify` VALUES (346, 0, '17708484681', '6111', 1487382719, '223.241.147.59', 1, 1, 0);
INSERT INTO `lc_member_verify` VALUES (347, 1380, '18948716619', '9754', 1487553302, '218.17.26.186', 1, 1, 1);
INSERT INTO `lc_member_verify` VALUES (348, 0, '18825406892', '9186', 1488732095, '117.136.31.208', 2, 1, 0);
INSERT INTO `lc_member_verify` VALUES (349, 614, '15986646487', '7606', 1487562099, '183.14.17.175', 1, 2, 1);
INSERT INTO `lc_member_verify` VALUES (350, 1381, '18825127816', '9747', 1487570411, '58.60.62.4', 1, 1, 1);
INSERT INTO `lc_member_verify` VALUES (351, 0, '18126525523', '6556', 1487577350, '111.222.23.213', 1, 1, 0);
INSERT INTO `lc_member_verify` VALUES (352, 358, '18126525523', '2683', 1487577409, '111.222.23.213', 1, 2, 1);
INSERT INTO `lc_member_verify` VALUES (353, 1362, '13701115637', '1478', 1487579904, '116.243.234.162', 1, 2, 1);
INSERT INTO `lc_member_verify` VALUES (354, 1382, '18220098390', '1553', 1487583286, '113.139.13.124', 1, 1, 1);
INSERT INTO `lc_member_verify` VALUES (355, 0, '15019416585', '1324', 1487583443, '183.14.134.221', 1, 1, 0);
INSERT INTO `lc_member_verify` VALUES (356, 21, '15019416585', '4841', 1487583520, '183.14.134.221', 1, 2, 1);
INSERT INTO `lc_member_verify` VALUES (357, 1383, '18818598056', '2995', 1487593274, '101.233.30.11', 1, 1, 1);
INSERT INTO `lc_member_verify` VALUES (358, 1384, '13927442029', '1135', 1487598415, '183.39.183.132', 1, 1, 1);
INSERT INTO `lc_member_verify` VALUES (359, 0, '18613070579', '4746', 1487645718, '119.129.117.187', 1, 1, 0);
INSERT INTO `lc_member_verify` VALUES (360, 0, '13750097639', '8002', 1487645778, '112.91.151.211', 1, 1, 0);
INSERT INTO `lc_member_verify` VALUES (361, 190, '13750097639', '7734', 1487645818, '112.91.151.211', 1, 2, 1);
INSERT INTO `lc_member_verify` VALUES (362, 1385, '18688832075', '4156', 1487660403, '111.222.25.243', 1, 1, 1);
INSERT INTO `lc_member_verify` VALUES (363, 1340, '18676688099', '2782', 1487677549, '220.112.14.184', 1, 2, 1);
INSERT INTO `lc_member_verify` VALUES (364, 2, '13632760413', '6158', 1487677669, '113.89.236.246', 1, 2, 1);
INSERT INTO `lc_member_verify` VALUES (365, 0, '18772306632', '8701', 1487732865, '183.14.44.29', 1, 1, 0);
INSERT INTO `lc_member_verify` VALUES (366, 0, '18772306632', '5634', 1487732908, '183.14.44.29', 1, 2, 0);
INSERT INTO `lc_member_verify` VALUES (367, 0, '15210096051', '7360', 1487733116, '114.119.41.64', 1, 2, 0);
INSERT INTO `lc_member_verify` VALUES (368, 117, '13168368485', '7733', 1487733570, '121.32.5.116', 1, 2, 1);
INSERT INTO `lc_member_verify` VALUES (369, 1391, '17600100112', '2634', 1487736490, '115.33.94.32', 1, 1, 1);
INSERT INTO `lc_member_verify` VALUES (370, 1392, '18806662515', '2116', 1487739182, '117.136.31.228', 1, 1, 1);
INSERT INTO `lc_member_verify` VALUES (371, 892, '18603071077', '3966', 1487744403, '183.12.84.130', 1, 2, 1);
INSERT INTO `lc_member_verify` VALUES (372, 0, '18221763306', '3726', 1487748775, '119.137.55.24', 1, 1, 0);
INSERT INTO `lc_member_verify` VALUES (373, 760, '18221763306', '3697', 1487748798, '119.137.55.24', 1, 2, 1);
INSERT INTO `lc_member_verify` VALUES (374, 1393, '13802428903', '3169', 1487750467, '14.23.156.50', 1, 1, 1);
INSERT INTO `lc_member_verify` VALUES (375, 1394, '18665961737', '2188', 1487772032, '183.22.29.85', 1, 1, 1);
INSERT INTO `lc_member_verify` VALUES (376, 1396, '18676898187', '1630', 1487775470, '119.122.247.153', 1, 1, 1);
INSERT INTO `lc_member_verify` VALUES (377, 0, '13723759062', '9835', 1487815911, '117.136.79.116', 1, 1, 0);
INSERT INTO `lc_member_verify` VALUES (378, 1086, '13723759062', '1963', 1487816075, '117.136.79.116', 1, 2, 1);
INSERT INTO `lc_member_verify` VALUES (379, 1398, '13632832024', '1897', 1487834564, '183.17.66.35', 1, 1, 1);
INSERT INTO `lc_member_verify` VALUES (380, 1399, '13244717391', '2023', 1487859042, '183.12.50.221', 1, 1, 1);
INSERT INTO `lc_member_verify` VALUES (381, 0, '18565552367', '6136', 1487891937, '118.197.204.156', 1, 1, 0);
INSERT INTO `lc_member_verify` VALUES (382, 0, '17727617362', '4112', 1487903894, '210.21.104.158', 1, 1, 0);
INSERT INTO `lc_member_verify` VALUES (383, 1170, '17727617362', '3972', 1487903953, '210.21.104.158', 1, 2, 1);
INSERT INTO `lc_member_verify` VALUES (384, 1402, '18680368270', '1872', 1487918778, '183.239.175.98', 1, 1, 1);
INSERT INTO `lc_member_verify` VALUES (385, 1403, '13537579251', '9746', 1488162889, '123.65.217.102', 1, 1, 1);
INSERT INTO `lc_member_verify` VALUES (386, 1404, '13652335931', '5168', 1488196582, '223.104.63.16', 1, 1, 1);
INSERT INTO `lc_member_verify` VALUES (387, 0, '18123803395', '2877', 1488199484, '113.116.199.126', 1, 1, 0);
INSERT INTO `lc_member_verify` VALUES (388, 1405, '18520658662', '7066', 1488208033, '218.9.120.155', 1, 1, 1);
INSERT INTO `lc_member_verify` VALUES (389, 0, '13031177490', '7424', 1488245436, '114.246.68.230', 1, 1, 0);
INSERT INTO `lc_member_verify` VALUES (390, 293, '13031177490', '9454', 1488245505, '114.246.68.230', 1, 2, 1);
INSERT INTO `lc_member_verify` VALUES (391, 1406, '18620712890', '6239', 1488246061, '219.135.155.82', 1, 1, 1);
INSERT INTO `lc_member_verify` VALUES (392, 1407, '18826419799', '1423', 1488254694, '221.4.55.68', 1, 2, 1);
INSERT INTO `lc_member_verify` VALUES (393, 1111, '18123803395', '5680', 1488296137, '183.15.107.113', 1, 2, 1);
INSERT INTO `lc_member_verify` VALUES (394, 1410, '13267179691', '2493', 1488340667, '101.232.130.76', 1, 1, 1);
INSERT INTO `lc_member_verify` VALUES (395, 1411, '18617037895', '6799', 1488354824, '27.38.250.164', 1, 1, 1);
INSERT INTO `lc_member_verify` VALUES (396, 0, '18318579914', '8856', 1488372771, '116.22.16.155', 1, 1, 0);
INSERT INTO `lc_member_verify` VALUES (397, 1413, '18183026600', '3704', 1488416799, '113.104.220.148', 1, 1, 1);
INSERT INTO `lc_member_verify` VALUES (398, 1414, '13544510864', '4655', 1488421763, '119.131.52.8', 1, 1, 1);
INSERT INTO `lc_member_verify` VALUES (399, 0, '18898693661', '6349', 1488448151, '14.17.37.43', 1, 1, 0);
INSERT INTO `lc_member_verify` VALUES (400, 1279, '18898693661', '6425', 1488448217, '183.61.51.179', 1, 2, 1);
INSERT INTO `lc_member_verify` VALUES (401, 0, '18218023360', '8874', 1488449256, '117.136.31.245', 1, 1, 0);
INSERT INTO `lc_member_verify` VALUES (402, 1415, '13928400657', '2094', 1488449308, '14.103.49.57', 1, 1, 1);
INSERT INTO `lc_member_verify` VALUES (403, 1416, '18218023350', '3740', 1488449319, '117.136.31.245', 1, 1, 1);
INSERT INTO `lc_member_verify` VALUES (404, 1417, '15915840089', '1397', 1488449600, '116.22.16.10', 1, 1, 1);
INSERT INTO `lc_member_verify` VALUES (405, 0, '15013685441', '6979', 1488463542, '117.136.79.132', 1, 1, 0);
INSERT INTO `lc_member_verify` VALUES (406, 647, '15013685441', '6853', 1488463632, '117.136.79.132', 1, 2, 1);
INSERT INTO `lc_member_verify` VALUES (407, 1418, '18566756024', '4915', 1488471204, '183.16.224.143', 1, 1, 1);
INSERT INTO `lc_member_verify` VALUES (408, 1419, '13710433668', '2996', 1488507643, '219.136.199.29', 1, 1, 1);
INSERT INTO `lc_member_verify` VALUES (409, 1419, '13710433668', '7470', 1488510455, '219.136.199.29', 1, 2, 1);
INSERT INTO `lc_member_verify` VALUES (410, 1420, '13923193910', '3367', 1488551372, '14.214.77.165', 1, 1, 1);
INSERT INTO `lc_member_verify` VALUES (411, 1421, '13760271597', '8746', 1488590926, '117.136.79.143', 2, 1, 1);
INSERT INTO `lc_member_verify` VALUES (412, 1422, '17673464220', '4356', 1488594684, '220.202.152.37', 1, 1, 1);
INSERT INTO `lc_member_verify` VALUES (413, 1423, '18682266836', '8021', 1488595564, '183.15.101.170', 1, 1, 1);
INSERT INTO `lc_member_verify` VALUES (414, 1424, '13823112646', '9095', 1488760260, '119.131.118.219', 1, 1, 1);
INSERT INTO `lc_member_verify` VALUES (415, 1425, '18565612091', '7849', 1488770692, '112.97.63.88', 1, 1, 1);
INSERT INTO `lc_member_verify` VALUES (416, 1426, '15112279550', '4807', 1488801543, '27.38.60.73', 1, 1, 1);
INSERT INTO `lc_member_verify` VALUES (417, 0, '18717386907', '4002', 1488874422, '36.47.28.136', 1, 1, 0);
INSERT INTO `lc_member_verify` VALUES (418, 1187, '18717386907', '4859', 1488874480, '36.47.28.136', 1, 2, 1);
INSERT INTO `lc_member_verify` VALUES (419, 1428, '15013290840', '5217', 1488947234, '101.232.77.115', 1, 1, 1);
INSERT INTO `lc_member_verify` VALUES (420, 1429, '15090824241', '6050', 1488950069, '113.118.245.202', 1, 1, 1);
INSERT INTO `lc_member_verify` VALUES (421, 1430, '18487218990', '5035', 1488954744, '117.136.40.178', 1, 1, 1);
INSERT INTO `lc_member_verify` VALUES (422, 1431, '18665809065', '5438', 1488958006, '58.61.184.16', 1, 1, 1);
INSERT INTO `lc_member_verify` VALUES (423, 0, '13094232207', '1334', 1488985991, '163.125.116.247', 2, 1, 0);
INSERT INTO `lc_member_verify` VALUES (424, 1435, '13410275012', '7150', 1489020989, '117.136.40.212', 1, 1, 1);
INSERT INTO `lc_member_verify` VALUES (425, 1436, '15220133960', '3207', 1489026274, '183.13.173.160', 1, 1, 1);
INSERT INTO `lc_member_verify` VALUES (426, 0, '13480664571', '1941', 1489029961, '113.118.153.248', 1, 1, 0);
INSERT INTO `lc_member_verify` VALUES (427, 0, '18664716225', '9028', 1489038664, '163.125.23.9', 1, 1, 0);
INSERT INTO `lc_member_verify` VALUES (428, 1437, '18664716215', '3264', 1489038707, '163.125.23.9', 1, 1, 1);
INSERT INTO `lc_member_verify` VALUES (429, 1439, '15616452275', '5134', 1489061544, '223.73.115.32', 1, 1, 1);
INSERT INTO `lc_member_verify` VALUES (430, 1440, '13751002713', '7108', 1489065689, '119.123.178.185', 1, 1, 1);
INSERT INTO `lc_member_verify` VALUES (431, 1441, '15222851689', '6567', 1489113016, '183.14.132.102', 1, 1, 1);
INSERT INTO `lc_member_verify` VALUES (432, 0, '15974378225', '9144', 1489114599, '45.78.53.106', 1, 1, 0);
INSERT INTO `lc_member_verify` VALUES (433, 879, '15974378225', '6275', 1489114632, '45.78.53.106', 1, 2, 1);
INSERT INTO `lc_member_verify` VALUES (434, 1442, '15814468521', '5460', 1489114967, '116.76.254.8', 1, 1, 1);
INSERT INTO `lc_member_verify` VALUES (435, 1443, '17722621985', '7761', 1489127489, '119.139.198.30', 1, 1, 1);
INSERT INTO `lc_member_verify` VALUES (436, 1444, '18218170355', '2954', 1489135940, '183.37.158.173', 1, 1, 1);
INSERT INTO `lc_member_verify` VALUES (437, 1445, '13242408776', '3526', 1489151103, '112.97.63.87', 1, 1, 1);
INSERT INTO `lc_member_verify` VALUES (438, 1447, '15361671280', '9204', 1489196588, '14.28.137.38', 1, 1, 1);
INSERT INTO `lc_member_verify` VALUES (439, 149, '18689495850', '7688', 1489225494, '58.251.171.209', 1, 2, 1);
INSERT INTO `lc_member_verify` VALUES (440, 1448, '15980933203', '9725', 1489238815, '27.154.184.112', 1, 1, 1);
INSERT INTO `lc_member_verify` VALUES (441, 1321, '13430668078', '4835', 1489319094, '112.95.161.55', 1, 2, 1);
INSERT INTO `lc_member_verify` VALUES (442, 1450, '18938855881', '5666', 1489326731, '14.16.9.122', 1, 1, 1);
INSERT INTO `lc_member_verify` VALUES (443, 0, '18938855881', '9763', 1489377832, '119.59.164.208', 2, 1, 0);
INSERT INTO `lc_member_verify` VALUES (444, 1452, '15374560107', '1503', 1489377370, '114.117.45.114', 1, 1, 1);
INSERT INTO `lc_member_verify` VALUES (445, 0, '15574037054', '5109', 1489377547, '183.13.122.87', 1, 1, 0);
INSERT INTO `lc_member_verify` VALUES (446, 1453, '18926095979', '2494', 1489378842, '183.40.11.55', 1, 1, 1);
INSERT INTO `lc_member_verify` VALUES (447, 0, '18926095979', '6411', 1489378986, '183.40.11.55', 1, 1, 0);
INSERT INTO `lc_member_verify` VALUES (448, 1454, '13760181933', '2986', 1489379128, '117.136.79.127', 1, 1, 1);
INSERT INTO `lc_member_verify` VALUES (449, 1455, '15574047054', '5261', 1489381063, '183.13.122.87', 1, 1, 1);
INSERT INTO `lc_member_verify` VALUES (450, 1456, '18975263813', '1034', 1489398569, '218.17.71.82', 1, 1, 1);
INSERT INTO `lc_member_verify` VALUES (451, 1435, '13410275012', '2047', 1489409243, '27.106.182.137', 1, 2, 1);
INSERT INTO `lc_member_verify` VALUES (452, 0, '15013493357', '2534', 1489413452, '27.106.142.155', 1, 1, 0);
INSERT INTO `lc_member_verify` VALUES (453, 634, '15013493357', '1844', 1489413525, '27.106.142.155', 1, 2, 1);
INSERT INTO `lc_member_verify` VALUES (454, 0, '13928486887', '7446', 1489420500, '223.74.152.170', 1, 1, 0);
INSERT INTO `lc_member_verify` VALUES (455, 670, '13928486887', '2115', 1489420527, '223.74.152.170', 1, 2, 1);
INSERT INTO `lc_member_verify` VALUES (456, 1457, '13662661434', '4594', 1489462385, '117.136.40.221', 1, 1, 1);
INSERT INTO `lc_member_verify` VALUES (457, 0, '17198662395', '4283', 1489465452, '183.15.176.109', 1, 1, 0);
INSERT INTO `lc_member_verify` VALUES (458, 1459, '18665892304', '6697', 1489467549, '112.97.63.228', 1, 1, 1);
INSERT INTO `lc_member_verify` VALUES (459, 0, '15090824241', '9570', 1489493995, '113.118.247.84', 1, 1, 0);
INSERT INTO `lc_member_verify` VALUES (460, 1478, '18086935979', '6429', 1489504713, '183.14.28.101', 1, 1, 1);
INSERT INTO `lc_member_verify` VALUES (461, 0, '13008862853', '8336', 1489548634, '112.95.176.153', 1, 1, 0);
INSERT INTO `lc_member_verify` VALUES (462, 1482, '18926062710', '3880', 1489549863, '112.95.176.153', 1, 1, 1);
INSERT INTO `lc_member_verify` VALUES (463, 1483, '18867008936', '5938', 1489567409, '117.136.40.240', 1, 1, 1);
INSERT INTO `lc_member_verify` VALUES (464, 1484, '13928874977', '2121', 1489578112, '121.8.124.244', 1, 1, 1);
INSERT INTO `lc_member_verify` VALUES (465, 1485, '15218707937', '8912', 1489659389, '117.136.40.211', 1, 1, 1);
INSERT INTO `lc_member_verify` VALUES (466, 1486, '15913980039', '8311', 1489681747, '119.122.246.231', 1, 1, 1);
INSERT INTO `lc_member_verify` VALUES (467, 1487, '13728935955', '6908', 1489895844, '113.88.63.74', 1, 1, 1);
INSERT INTO `lc_member_verify` VALUES (468, 1489, '13509661102', '2125', 1490007159, '59.40.23.88', 1, 1, 1);
INSERT INTO `lc_member_verify` VALUES (469, 1490, '13714301405', '1370', 1490064371, '183.14.147.43', 1, 1, 1);
INSERT INTO `lc_member_verify` VALUES (470, 0, '18757031749', '2722', 1490097604, '123.98.78.71', 1, 1, 0);
INSERT INTO `lc_member_verify` VALUES (471, 292, '18757031749', '8775', 1490097652, '123.98.78.71', 1, 2, 1);
INSERT INTO `lc_member_verify` VALUES (472, 1491, '18797693080', '6823', 1490161939, '113.89.239.129', 1, 1, 1);
INSERT INTO `lc_member_verify` VALUES (473, 0, '18565848637', '2814', 1490184904, '101.233.41.200', 1, 1, 0);
INSERT INTO `lc_member_verify` VALUES (474, 666, '18565848637', '9878', 1490184939, '101.233.41.200', 1, 2, 1);
INSERT INTO `lc_member_verify` VALUES (475, 1494, '15309215554', '8720', 1490250830, '27.38.253.27', 1, 1, 1);
INSERT INTO `lc_member_verify` VALUES (476, 0, '13570985748', '3428', 1490581126, '121.8.155.11', 1, 1, 0);
INSERT INTO `lc_member_verify` VALUES (477, 1059, '13570985748', '7241', 1490581235, '121.8.155.11', 1, 2, 1);
INSERT INTO `lc_member_verify` VALUES (478, 0, '13733116383', '1617', 1490587974, '183.62.205.130', 1, 1, 0);
INSERT INTO `lc_member_verify` VALUES (479, 831, '13733116383', '6548', 1490588028, '183.62.205.130', 1, 2, 1);
INSERT INTO `lc_member_verify` VALUES (480, 0, '13612136903', '3481', 1490666668, '60.168.11.234', 1, 1, 0);
INSERT INTO `lc_member_verify` VALUES (481, 1502, '18616190282', '9095', 1490666712, '60.168.11.234', 1, 1, 1);
INSERT INTO `lc_member_verify` VALUES (482, 1503, '13316099280', '4571', 1490690579, '183.6.139.85', 1, 1, 1);
INSERT INTO `lc_member_verify` VALUES (483, 1504, '15768475332', '2559', 1490690666, '163.125.246.240', 1, 1, 1);
INSERT INTO `lc_member_verify` VALUES (484, 1505, '13027736213', '5382', 1490696157, '61.158.148.91', 1, 1, 1);
INSERT INTO `lc_member_verify` VALUES (485, 1510, '18124563072', '3676', 1490875370, '113.118.64.162', 1, 1, 1);
INSERT INTO `lc_member_verify` VALUES (486, 1518, '18620352274', '2683', 1491409543, '113.99.103.223', 1, 1, 1);
INSERT INTO `lc_member_verify` VALUES (487, 1520, '13691930259', '7158', 1491464340, '223.74.155.152', 1, 1, 1);
INSERT INTO `lc_member_verify` VALUES (488, 1523, '18603022178', '2336', 1491472667, '119.123.77.123', 1, 1, 1);
INSERT INTO `lc_member_verify` VALUES (489, 1526, '13360052170', '9183', 1491533183, '116.76.254.8', 1, 1, 1);
INSERT INTO `lc_member_verify` VALUES (490, 19, '18778036030', '8469', 1491536767, '180.140.162.0', 1, 2, 1);
INSERT INTO `lc_member_verify` VALUES (491, 1528, '18661203323', '8961', 1491812286, '121.35.0.240', 1, 1, 1);
INSERT INTO `lc_member_verify` VALUES (492, 0, '13316949616', '2040', 1491813494, '14.24.27.13', 1, 1, 0);
INSERT INTO `lc_member_verify` VALUES (493, 695, '13316949616', '2702', 1491813633, '14.24.27.13', 1, 2, 1);
INSERT INTO `lc_member_verify` VALUES (494, 1533, '13510318835', '2506', 1492048594, '218.18.144.161', 1, 1, 1);
INSERT INTO `lc_member_verify` VALUES (495, 1534, '18566252024', '8470', 1492074258, '112.97.61.48', 1, 1, 1);
INSERT INTO `lc_member_verify` VALUES (496, 0, '13632760413', '2362', 1492103016, '113.87.182.101', 2, 3, 0);
INSERT INTO `lc_member_verify` VALUES (497, 2, '13632760413', '8301', 1520244501, '192.168.0.92', 3, 3, 1);
INSERT INTO `lc_member_verify` VALUES (498, 2, '18183026600', '9564', 1492103195, '113.87.182.101', 1, 3, 0);
INSERT INTO `lc_member_verify` VALUES (499, 40, '13672447155', '9536', 1492132816, '101.232.12.68', 1, 3, 0);
INSERT INTO `lc_member_verify` VALUES (500, NULL, '13510682387', '4980', 1492174233, '220.198.117.160', 1, 1, 0);
INSERT INTO `lc_member_verify` VALUES (501, 745, '13510682387', '2367', 1492174300, '220.198.117.160', 1, 2, 1);
INSERT INTO `lc_member_verify` VALUES (502, NULL, '13926400657', '8548', 1492175552, '220.152.247.180', 1, 2, 0);
INSERT INTO `lc_member_verify` VALUES (503, 1415, '13928400657', '6949', 1492175584, '220.152.247.180', 1, 2, 1);
INSERT INTO `lc_member_verify` VALUES (504, NULL, '18825406892', '3739', 1492186827, '101.107.83.182', 1, 2, 0);
INSERT INTO `lc_member_verify` VALUES (505, 1539, '18390919531', '8130', 1492416160, '58.248.137.5', 1, 1, 1);
INSERT INTO `lc_member_verify` VALUES (506, 726, '15814085632', '5916', 1492420908, '183.14.31.130', 1, 2, 1);
INSERT INTO `lc_member_verify` VALUES (507, NULL, '15218715644', '2742', 1492487875, '61.144.173.126', 1, 1, 0);
INSERT INTO `lc_member_verify` VALUES (508, 1540, '13322998028', '2393', 1492529660, '113.118.99.164', 1, 1, 1);
INSERT INTO `lc_member_verify` VALUES (509, NULL, '13416350986', '1978', 1492570727, '14.16.217.255', 1, 1, 0);
INSERT INTO `lc_member_verify` VALUES (510, 180, '13416350986', '9912', 1492570784, '14.16.217.255', 1, 2, 1);
INSERT INTO `lc_member_verify` VALUES (511, 1541, '15989459754', '5313', 1492590834, '223.104.63.50', 2, 1, 1);
INSERT INTO `lc_member_verify` VALUES (512, 1542, '18682096580', '7042', 1492593525, '163.125.115.188', 2, 1, 1);
INSERT INTO `lc_member_verify` VALUES (513, NULL, '15989459754', '1863', 1492610809, '157.122.119.19', 1, 1, 0);
INSERT INTO `lc_member_verify` VALUES (514, 1543, '13570838006', '7740', 1492742327, '223.74.155.120', 1, 1, 1);
INSERT INTO `lc_member_verify` VALUES (515, 1544, '18520303887', '9333', 1492771573, '112.96.179.71', 1, 1, 1);
INSERT INTO `lc_member_verify` VALUES (516, NULL, '18520303887', '5289', 1492918966, '111.151.181.84', 1, 1, 0);
INSERT INTO `lc_member_verify` VALUES (517, 1544, '18520303887', '2987', 1492919044, '111.151.181.84', 1, 2, 1);
INSERT INTO `lc_member_verify` VALUES (518, 1546, '18575570164', '6839', 1492927165, '183.54.1.5', 1, 1, 1);
INSERT INTO `lc_member_verify` VALUES (519, NULL, '18575570164', '3501', 1492932729, '119.123.15.86', 1, 1, 0);
INSERT INTO `lc_member_verify` VALUES (520, 1547, '13316147822', '1281', 1493002593, '116.23.4.61', 1, 1, 1);
INSERT INTO `lc_member_verify` VALUES (521, 1548, '13599527862', '4967', 1493108970, '112.95.92.143', 1, 1, 1);
INSERT INTO `lc_member_verify` VALUES (522, NULL, '13599527862', '4373', 1493109039, '112.95.92.143', 1, 1, 0);
INSERT INTO `lc_member_verify` VALUES (523, 1549, '18129851815', '7585', 1493179437, '119.123.168.141', 1, 1, 1);
INSERT INTO `lc_member_verify` VALUES (524, 1550, '17076462593', '8226', 1493188539, '27.38.32.56', 1, 1, 1);
INSERT INTO `lc_member_verify` VALUES (525, 1551, '13544213978', '9076', 1493264007, '112.95.161.55', 1, 1, 1);
INSERT INTO `lc_member_verify` VALUES (526, 1552, '13317145455', '6018', 1493266522, '58.60.63.200', 1, 1, 1);
INSERT INTO `lc_member_verify` VALUES (527, NULL, '18153818302', '2356', 1493273327, '49.77.206.22', 1, 1, 0);
INSERT INTO `lc_member_verify` VALUES (528, 1285, '18318936503', '4771', 1493348503, '183.14.135.212', 1, 2, 1);
INSERT INTO `lc_member_verify` VALUES (529, 1554, '13760850415', '7201', 1493468811, '125.118.92.161', 1, 1, 1);
INSERT INTO `lc_member_verify` VALUES (530, NULL, '18519793001', '4264', 1493734184, '211.103.82.175', 1, 1, 0);
INSERT INTO `lc_member_verify` VALUES (531, 1555, '15989485744', '9123', 1493789282, '219.72.203.211', 1, 1, 1);
INSERT INTO `lc_member_verify` VALUES (532, 1556, '15210282899', '3790', 1493798269, '103.43.186.242', 1, 1, 1);
INSERT INTO `lc_member_verify` VALUES (533, NULL, '13060666086', '2735', 1493864792, '14.16.243.88', 1, 1, 0);
INSERT INTO `lc_member_verify` VALUES (534, 1557, '18682317354', '6571', 1494155312, '113.92.72.14', 1, 1, 1);
INSERT INTO `lc_member_verify` VALUES (535, NULL, '18565739851', '2918', 1512566011, '183.3.255.35', 2, 2, 0);
INSERT INTO `lc_member_verify` VALUES (536, 1031, '15919880487', '6162', 1494329318, '116.6.104.7', 1, 2, 1);
INSERT INTO `lc_member_verify` VALUES (537, 48, '15975643501', '1652', 1494479649, '183.14.29.56', 1, 2, 1);
INSERT INTO `lc_member_verify` VALUES (538, NULL, '18819169718', '1812', 1494483220, '183.63.71.90', 1, 1, 0);
INSERT INTO `lc_member_verify` VALUES (539, 1166, '18819169718', '7543', 1494483283, '183.63.71.90', 1, 2, 1);
INSERT INTO `lc_member_verify` VALUES (540, NULL, '15330067097', '2469', 1494490454, '119.145.137.34', 1, 1, 0);
INSERT INTO `lc_member_verify` VALUES (541, 1562, '13510980627', '2381', 1494490658, '119.137.52.6', 1, 1, 1);
INSERT INTO `lc_member_verify` VALUES (542, 1563, '17666106628', '9145', 1494583395, '183.38.247.118', 1, 1, 1);
INSERT INTO `lc_member_verify` VALUES (543, 879, '15974378225', '2156', 1494829941, '219.134.186.18', 1, 2, 1);
INSERT INTO `lc_member_verify` VALUES (544, 1564, '18379366970', '9981', 1494835425, '117.44.120.250', 1, 1, 1);
INSERT INTO `lc_member_verify` VALUES (545, 1565, '18520876432', '6582', 1494849142, '113.116.37.37', 1, 1, 1);
INSERT INTO `lc_member_verify` VALUES (546, 1567, '15112157817', '6627', 1494863237, '220.112.16.66', 2, 1, 1);
INSERT INTO `lc_member_verify` VALUES (548, 1572, '18665881115', '9604', 1495015374, '27.38.251.158', 1, 1, 1);
INSERT INTO `lc_member_verify` VALUES (549, 1573, '13411957812', '4372', 1495017109, '183.233.227.52', 1, 1, 1);
INSERT INTO `lc_member_verify` VALUES (550, 1574, '13537858831', '2939', 1495020147, '58.250.249.30', 1, 1, 1);
INSERT INTO `lc_member_verify` VALUES (551, NULL, '18707618540', '1667', 1495029840, '183.39.198.65', 1, 1, 0);
INSERT INTO `lc_member_verify` VALUES (552, 921, '18707618540', '1770', 1495029890, '183.39.198.65', 1, 2, 1);
INSERT INTO `lc_member_verify` VALUES (553, 1577, '15926465501', '1926', 1495097170, '218.189.205.191', 1, 1, 1);
INSERT INTO `lc_member_verify` VALUES (554, 1578, '18670063312', '6015', 1495100407, '121.35.1.191', 1, 1, 1);
INSERT INTO `lc_member_verify` VALUES (555, 1520, '13691930259', '3217', 1495423674, '223.74.155.246', 1, 2, 1);
INSERT INTO `lc_member_verify` VALUES (556, NULL, '18566756024', '8455', 1495508919, '112.97.50.229', 1, 1, 0);
INSERT INTO `lc_member_verify` VALUES (557, 1587, '15986348020', '1437', 1495599953, '183.48.33.65', 1, 1, 1);
INSERT INTO `lc_member_verify` VALUES (558, NULL, '18791750126', '4466', 1495699970, '1.82.204.142', 1, 1, 0);
INSERT INTO `lc_member_verify` VALUES (559, 1590, '15771673913', '5051', 1495701578, '1.84.207.163', 1, 1, 1);
INSERT INTO `lc_member_verify` VALUES (560, 1590, '15771673913', '3744', 1496022800, '124.116.237.96', 2, 1, 0);
INSERT INTO `lc_member_verify` VALUES (561, 78, '13227475718', '4168', 1495945247, '113.57.182.181', 1, 2, 1);
INSERT INTO `lc_member_verify` VALUES (562, 1590, '15771673913', '4522', 1496022851, '124.116.237.96', 1, 2, 1);
INSERT INTO `lc_member_verify` VALUES (563, 1592, '18070629913', '8491', 1496194880, '113.69.45.176', 1, 1, 1);
INSERT INTO `lc_member_verify` VALUES (564, 1040, '18607737071', '6520', 1496667897, '121.31.250.203', 1, 2, 1);
INSERT INTO `lc_member_verify` VALUES (565, 1598, '15118834323', '4289', 1496844407, '113.110.143.87', 1, 1, 1);
INSERT INTO `lc_member_verify` VALUES (566, 1399, '13244717391', '3603', 1496884973, '202.105.139.117', 1, 2, 1);
INSERT INTO `lc_member_verify` VALUES (567, 1600, '18620127479', '6974', 1496885065, '113.109.248.57', 1, 1, 1);
INSERT INTO `lc_member_verify` VALUES (568, 1604, '17764583811', '6307', 1496911781, '115.200.230.22', 1, 1, 1);
INSERT INTO `lc_member_verify` VALUES (569, 1605, '15521237158', '9484', 1496912588, '115.200.230.22', 1, 1, 1);
INSERT INTO `lc_member_verify` VALUES (570, NULL, '13537793127', '1810', 1497426944, '116.25.65.207', 1, 1, 0);
INSERT INTO `lc_member_verify` VALUES (571, 744, '13537793127', '2022', 1497426986, '116.25.65.207', 1, 2, 1);
INSERT INTO `lc_member_verify` VALUES (572, 1607, '18898593521', '2079', 1497427213, '116.25.65.207', 1, 1, 1);
INSERT INTO `lc_member_verify` VALUES (573, 107, '13622870545', '5841', 1497840030, '58.61.246.200', 1, 2, 1);
INSERT INTO `lc_member_verify` VALUES (574, 1608, '13794305015', '2008', 1497854376, '59.42.238.86', 1, 1, 1);
INSERT INTO `lc_member_verify` VALUES (575, 1609, '15626509236', '2734', 1497879704, '14.153.236.153', 1, 1, 1);
INSERT INTO `lc_member_verify` VALUES (576, 1610, '13216485725', '2686', 1497921445, '183.63.250.163', 1, 1, 1);
INSERT INTO `lc_member_verify` VALUES (577, 1611, '13049152251', '9478', 1497923714, '58.252.73.14', 1, 1, 1);
INSERT INTO `lc_member_verify` VALUES (578, 1613, '18682482070', '9699', 1497973459, '111.222.43.14', 1, 1, 1);
INSERT INTO `lc_member_verify` VALUES (579, 1614, '13008840414', '5489', 1498034454, '220.112.15.85', 1, 1, 1);
INSERT INTO `lc_member_verify` VALUES (580, 1615, '15920179308', '4218', 1498039039, '113.109.235.157', 1, 1, 1);
INSERT INTO `lc_member_verify` VALUES (581, 1616, '13510662582', '4884', 1498041906, '183.39.124.108', 1, 1, 1);
INSERT INTO `lc_member_verify` VALUES (582, NULL, '13798595967', '5290', 1498184691, '121.34.145.200', 1, 1, 0);
INSERT INTO `lc_member_verify` VALUES (583, 1070, '13798595967', '8691', 1498184727, '121.34.145.200', 1, 2, 1);
INSERT INTO `lc_member_verify` VALUES (584, 33, '15219489490', '3387', 1498191332, '113.12.43.142', 1, 2, 1);
INSERT INTO `lc_member_verify` VALUES (585, 1613, '18682482070', '6386', 1498286683, '112.97.195.17', 1, 2, 1);
INSERT INTO `lc_member_verify` VALUES (586, 1619, '13147075699', '3310', 1498473325, '113.91.17.85', 1, 1, 1);
INSERT INTO `lc_member_verify` VALUES (587, NULL, '15814751772', '9398', 1498714548, '14.152.49.250', 1, 1, 0);
INSERT INTO `lc_member_verify` VALUES (588, 815, '15814751772', '6463', 1498714657, '14.152.49.250', 1, 2, 1);
INSERT INTO `lc_member_verify` VALUES (589, NULL, '13147075699', '3797', 1498723976, '113.91.18.138', 1, 1, 0);
INSERT INTO `lc_member_verify` VALUES (590, 1629, '18317183370', '6947', 1499072225, '175.191.13.219', 1, 1, 1);
INSERT INTO `lc_member_verify` VALUES (591, 1630, '13810079078', '5595', 1499079742, '113.89.178.161', 1, 1, 1);
INSERT INTO `lc_member_verify` VALUES (592, 1631, '15921992319', '2562', 1499091046, '59.172.220.42', 1, 1, 1);
INSERT INTO `lc_member_verify` VALUES (593, NULL, '13815812345', '8779', 1499390047, '58.211.111.35', 1, 1, 0);
INSERT INTO `lc_member_verify` VALUES (594, NULL, '13112345678', '8248', 1499390091, '58.211.111.35', 1, 1, 0);
INSERT INTO `lc_member_verify` VALUES (595, NULL, '18665953631', '1159', 1500868596, '183.11.72.183', 1, 1, 0);
INSERT INTO `lc_member_verify` VALUES (596, 1228, '18665953631', '5284', 1500868660, '183.11.72.183', 1, 2, 1);
INSERT INTO `lc_member_verify` VALUES (597, 1588, '15975532523', '3382', 1501032783, '218.19.216.195', 1, 2, 1);
INSERT INTO `lc_member_verify` VALUES (598, NULL, '13763309688', '6198', 1501037000, '223.104.1.253', 1, 1, 0);
INSERT INTO `lc_member_verify` VALUES (599, 1051, '13763309688', '6855', 1501037049, '223.104.1.253', 1, 2, 1);
INSERT INTO `lc_member_verify` VALUES (600, 1704, '13802837491', '6385', 1501129262, '223.73.64.155', 1, 1, 1);
INSERT INTO `lc_member_verify` VALUES (601, 1707, '17688859120', '4658', 1501163934, '59.41.64.254', 1, 1, 1);
INSERT INTO `lc_member_verify` VALUES (602, 1720, '18819179050', '4121', 1502072086, '183.234.47.170', 1, 1, 1);
INSERT INTO `lc_member_verify` VALUES (603, NULL, '13247310619', '2225', 1502197614, '119.139.198.23', 1, 1, 0);
INSERT INTO `lc_member_verify` VALUES (604, NULL, '13631225809', '6856', 1502271911, '116.22.32.89', 1, 1, 0);
INSERT INTO `lc_member_verify` VALUES (605, 39, '13631225809', '4566', 1502271940, '116.22.32.89', 1, 2, 1);
INSERT INTO `lc_member_verify` VALUES (606, 1727, '15581523999', '6566', 1502328997, '163.125.176.168', 1, 1, 1);
INSERT INTO `lc_member_verify` VALUES (607, NULL, '15581523999', '6481', 1502329705, '163.125.176.168', 1, 1, 0);
INSERT INTO `lc_member_verify` VALUES (608, 1730, '13710855446', '6253', 1502353754, '120.85.77.129', 1, 1, 1);
INSERT INTO `lc_member_verify` VALUES (609, NULL, '18898750789', '4466', 1502415435, '183.16.2.180', 1, 1, 0);
INSERT INTO `lc_member_verify` VALUES (610, NULL, '13244717391', '1411', 1502461034, '119.136.221.158', 1, 2, 0);
INSERT INTO `lc_member_verify` VALUES (611, 1736, '17788774209', '5435', 1502696760, '119.137.54.42', 1, 1, 1);
INSERT INTO `lc_member_verify` VALUES (612, 1737, '13600354740', '1675', 1502777773, '113.67.75.234', 1, 1, 1);
INSERT INTO `lc_member_verify` VALUES (613, 1738, '18680667653', '9886', 1502780592, '119.137.52.135', 1, 1, 1);
INSERT INTO `lc_member_verify` VALUES (614, NULL, '15989298730', '3144', 1502937014, '210.21.36.36', 1, 1, 0);
INSERT INTO `lc_member_verify` VALUES (615, NULL, '18665646622', '5943', 1503469705, '221.176.33.123', 1, 1, 0);
INSERT INTO `lc_member_verify` VALUES (616, 413, '18665646622', '1020', 1503469763, '221.176.33.123', 1, 2, 1);
INSERT INTO `lc_member_verify` VALUES (617, 1743, '18665339349', '4456', 1503559278, '182.18.75.124', 1, 1, 1);
INSERT INTO `lc_member_verify` VALUES (618, 1747, '17775307902', '3466', 1504088342, '183.162.13.37', 1, 1, 1);
INSERT INTO `lc_member_verify` VALUES (619, 1748, '17673048350', '7060', 1504182483, '118.249.153.91', 1, 1, 1);
INSERT INTO `lc_member_verify` VALUES (620, 1753, '15217769616', '2687', 1504595085, '27.38.32.29', 1, 1, 1);
INSERT INTO `lc_member_verify` VALUES (621, 1755, '13760104280', '2986', 1504708350, '183.2.127.208', 1, 1, 1);
INSERT INTO `lc_member_verify` VALUES (622, 1757, '18588253382', '8061', 1504768208, '183.17.61.61', 1, 1, 1);
INSERT INTO `lc_member_verify` VALUES (623, NULL, '18620884936', '8974', 1504778155, '183.60.52.227', 1, 1, 0);
INSERT INTO `lc_member_verify` VALUES (624, 325, '18620884936', '7975', 1504778260, '183.60.52.227', 1, 2, 1);
INSERT INTO `lc_member_verify` VALUES (625, 1759, '15204047122', '9209', 1505101405, '182.200.43.200', 1, 1, 1);
INSERT INTO `lc_member_verify` VALUES (626, 1762, '13986281691', '9705', 1505116094, '101.226.102.237', 1, 1, 1);
INSERT INTO `lc_member_verify` VALUES (627, 1763, '18275038597', '9951', 1505129689, '202.101.72.61', 1, 1, 1);
INSERT INTO `lc_member_verify` VALUES (628, 1764, '13632821904', '2276', 1505130798, '27.38.32.56', 1, 1, 1);
INSERT INTO `lc_member_verify` VALUES (629, 1765, '13424075984', '4813', 1505271711, '183.6.159.164', 1, 1, 1);
INSERT INTO `lc_member_verify` VALUES (630, NULL, '13971111429', '4238', 1505293290, '183.15.178.203', 1, 1, 0);
INSERT INTO `lc_member_verify` VALUES (631, 1017, '13971111429', '5727', 1505293323, '183.15.178.203', 1, 2, 1);
INSERT INTO `lc_member_verify` VALUES (632, NULL, '18816791309', '8009', 1505370106, '14.145.51.156', 1, 1, 0);
INSERT INTO `lc_member_verify` VALUES (633, 563, '18816791309', '5651', 1505370155, '14.145.51.156', 1, 2, 1);
INSERT INTO `lc_member_verify` VALUES (634, 1768, '13699860140', '6695', 1505375218, '101.232.152.4', 1, 1, 1);
INSERT INTO `lc_member_verify` VALUES (635, 1769, '18356168301', '4958', 1505375283, '202.101.72.50', 1, 1, 1);
INSERT INTO `lc_member_verify` VALUES (636, 1772, '13528878087', '2826', 1505697161, '222.240.150.130', 1, 1, 1);
INSERT INTO `lc_member_verify` VALUES (637, 1773, '18682465079', '7193', 1505701801, '119.137.54.72', 1, 1, 1);
INSERT INTO `lc_member_verify` VALUES (638, NULL, '18033440032', '6581', 1505703387, '183.14.135.1', 1, 1, 0);
INSERT INTO `lc_member_verify` VALUES (639, 651, '18033440032', '9763', 1505703419, '183.14.134.246', 1, 2, 1);
INSERT INTO `lc_member_verify` VALUES (640, 1776, '15210591810', '2693', 1505789776, '210.75.225.1', 1, 1, 1);
INSERT INTO `lc_member_verify` VALUES (641, 1777, '18576475361', '7965', 1505802399, '219.133.67.162', 1, 1, 1);
INSERT INTO `lc_member_verify` VALUES (642, 1778, '13510569443', '2756', 1505868675, '120.237.129.78', 1, 1, 1);
INSERT INTO `lc_member_verify` VALUES (643, 1780, '13243827119', '3561', 1505877231, '36.36.213.46', 1, 1, 1);
INSERT INTO `lc_member_verify` VALUES (644, 1785, '18565578740', '3628', 1506314244, '61.144.174.227', 2, 1, 1);
INSERT INTO `lc_member_verify` VALUES (645, 1788, '18811001829', '9457', 1506399697, '219.239.227.226', 1, 1, 1);
INSERT INTO `lc_member_verify` VALUES (646, NULL, '13430957917', '8449', 1506406853, '119.137.52.37', 1, 1, 0);
INSERT INTO `lc_member_verify` VALUES (647, 1794, '13247726591', '2947', 1506475513, '183.39.230.47', 1, 1, 1);
INSERT INTO `lc_member_verify` VALUES (648, NULL, '15814468521', '1037', 1506519297, '27.38.32.11', 1, 1, 0);
INSERT INTO `lc_member_verify` VALUES (649, NULL, '15302790869', '2755', 1506561333, '119.139.198.137', 1, 1, 0);
INSERT INTO `lc_member_verify` VALUES (650, 1752, '15302790869', '8623', 1506561382, '119.139.198.137', 1, 2, 1);
INSERT INTO `lc_member_verify` VALUES (651, NULL, '18665867296', '4982', 1506651001, '39.168.132.62', 1, 1, 0);
INSERT INTO `lc_member_verify` VALUES (652, 1799, '18666202683', '1337', 1506747538, '113.91.87.167', 1, 1, 1);
INSERT INTO `lc_member_verify` VALUES (653, NULL, '13631569913', '8906', 1507519649, '113.87.206.34', 1, 1, 0);
INSERT INTO `lc_member_verify` VALUES (654, NULL, '13631569914', '8205', 1507519710, '113.87.206.34', 1, 1, 0);
INSERT INTO `lc_member_verify` VALUES (655, 1718, '13631569914', '6562', 1507519739, '113.87.206.34', 1, 2, 1);
INSERT INTO `lc_member_verify` VALUES (656, 1801, '13823577250', '3851', 1507530655, '183.39.152.108', 1, 1, 1);
INSERT INTO `lc_member_verify` VALUES (657, 1794, '13247726591', '7966', 1507531826, '223.74.152.227', 1, 2, 1);
INSERT INTO `lc_member_verify` VALUES (658, 31, '13528478996', '9621', 1507532073, '120.234.44.91', 1, 2, 1);
INSERT INTO `lc_member_verify` VALUES (659, 1802, '17665378035', '3755', 1507532392, '183.39.243.69', 1, 1, 1);
INSERT INTO `lc_member_verify` VALUES (660, NULL, '17665378035', '5933', 1507532575, '183.39.243.69', 1, 1, 0);
INSERT INTO `lc_member_verify` VALUES (661, 1802, '17665378035', '7476', 1507532608, '183.39.243.69', 1, 2, 1);
INSERT INTO `lc_member_verify` VALUES (662, 1805, '17512001605', '6669', 1507598087, '113.116.93.25', 1, 1, 1);
INSERT INTO `lc_member_verify` VALUES (663, NULL, '15012698677', '4985', 1507605053, '175.1.121.59', 1, 1, 0);
INSERT INTO `lc_member_verify` VALUES (664, 959, '15012698677', '3370', 1507605092, '175.1.121.59', 1, 2, 1);
INSERT INTO `lc_member_verify` VALUES (665, 1807, '13802874958', '2629', 1507617733, '59.37.33.226', 1, 1, 1);
INSERT INTO `lc_member_verify` VALUES (666, 1809, '18820481025', '9675', 1507624377, '27.38.0.29', 1, 1, 1);
INSERT INTO `lc_member_verify` VALUES (667, 1332, '15361812671', '7797', 1507684359, '14.28.168.226', 1, 2, 1);
INSERT INTO `lc_member_verify` VALUES (668, NULL, '13420982655', '7084', 1507684481, '121.35.181.67', 1, 1, 0);
INSERT INTO `lc_member_verify` VALUES (669, 1810, '17688885048', '6651', 1507689723, '119.145.69.74', 1, 1, 1);
INSERT INTO `lc_member_verify` VALUES (670, 1811, '18928863489', '6698', 1507712700, '183.6.159.124', 1, 1, 1);
INSERT INTO `lc_member_verify` VALUES (671, NULL, '18928863489', '3865', 1507712752, '183.6.159.124', 1, 2, 0);
INSERT INTO `lc_member_verify` VALUES (672, 1812, '13203208314', '4691', 1507788786, '183.237.64.70', 1, 1, 1);
INSERT INTO `lc_member_verify` VALUES (673, 1813, '13850173840', '4618', 1507800415, '161.64.208.86', 2, 1, 1);
INSERT INTO `lc_member_verify` VALUES (674, 1777, '18576475361', '9736', 1507801805, '219.133.65.134', 1, 2, 1);
INSERT INTO `lc_member_verify` VALUES (675, 1814, '18825241035', '9554', 1507822087, '113.97.181.90', 1, 1, 1);
INSERT INTO `lc_member_verify` VALUES (676, 1817, '17620370869', '8927', 1508296930, '183.14.135.45', 1, 1, 1);
INSERT INTO `lc_member_verify` VALUES (677, 1565, '18520876432', '5314', 1508297682, '14.17.37.123', 1, 2, 1);
INSERT INTO `lc_member_verify` VALUES (678, NULL, '13760135164', '5091', 1508321218, '119.137.52.175', 1, 1, 0);
INSERT INTO `lc_member_verify` VALUES (679, 1823, '18817302115', '5385', 1508725940, '101.5.142.212', 1, 1, 1);
INSERT INTO `lc_member_verify` VALUES (680, 48, '15975643501', '9936', 1508746889, '183.14.135.238', 1, 2, 1);
INSERT INTO `lc_member_verify` VALUES (681, 1534, '18566252024', '3474', 1508828128, '112.97.63.210', 1, 2, 1);
INSERT INTO `lc_member_verify` VALUES (682, 920, '18118760618', '5896', 1508920911, '183.39.234.182', 1, 2, 1);
INSERT INTO `lc_member_verify` VALUES (683, 1829, '17688539108', '4862', 1508931957, '220.112.16.113', 1, 1, 1);
INSERT INTO `lc_member_verify` VALUES (684, 1418, '18566756024', '5817', 1508989332, '45.249.212.49', 1, 2, 1);
INSERT INTO `lc_member_verify` VALUES (685, 1833, '18682040280', '9499', 1509025509, '14.103.76.87', 1, 1, 1);
INSERT INTO `lc_member_verify` VALUES (686, 1834, '18565674969', '5040', 1509078069, '27.38.246.26', 1, 1, 1);
INSERT INTO `lc_member_verify` VALUES (687, NULL, '13600354740', '2174', 1517538722, '183.6.143.178', 2, 1, 0);
INSERT INTO `lc_member_verify` VALUES (688, NULL, '15521322086', '8655', 1513654952, '121.68.191.182', 2, 1, 0);
INSERT INTO `lc_member_verify` VALUES (689, 467, '15521322086', '8765', 1509340242, '113.66.169.101', 1, 2, 1);
INSERT INTO `lc_member_verify` VALUES (690, 1837, '15120017490', '6613', 1509436394, '124.16.131.75', 1, 1, 1);
INSERT INTO `lc_member_verify` VALUES (691, 1838, '15999567514', '2501', 1509447258, '113.116.94.247', 1, 1, 1);
INSERT INTO `lc_member_verify` VALUES (692, 1839, '18810393732', '3856', 1509526420, '113.91.88.115', 1, 1, 1);
INSERT INTO `lc_member_verify` VALUES (693, 1842, '13602719329', '7815', 1509623683, '183.15.249.21', 1, 1, 1);
INSERT INTO `lc_member_verify` VALUES (694, 1843, '13687383415', '8666', 1509626655, '111.121.51.177', 1, 1, 1);
INSERT INTO `lc_member_verify` VALUES (695, NULL, '15920128778', '6562', 1510042925, '58.62.204.216', 1, 1, 0);
INSERT INTO `lc_member_verify` VALUES (696, 1061, '15920128778', '3201', 1510043002, '58.62.204.216', 1, 2, 1);
INSERT INTO `lc_member_verify` VALUES (697, 1881, '18565739851', '5350', 1512566066, '183.3.255.35', 1, 1, 1);
INSERT INTO `lc_member_verify` VALUES (698, NULL, '13242892511', '4446', 1513652205, '113.68.108.38', 1, 1, 0);
INSERT INTO `lc_member_verify` VALUES (699, NULL, '18566201606', '7681', 1513762485, '183.17.127.243', 1, 1, 0);
INSERT INTO `lc_member_verify` VALUES (700, 1904, '18669218002', '9057', 1513913478, '146.185.155.42', 1, 1, 1);
INSERT INTO `lc_member_verify` VALUES (701, 1906, '13066513292', '1861', 1513994359, '123.191.167.110', 1, 1, 1);
INSERT INTO `lc_member_verify` VALUES (702, 327, '13927728749', '8275', 1513994957, '219.137.206.205', 1, 2, 1);
INSERT INTO `lc_member_verify` VALUES (703, 1907, '15364276026', '8589', 1514000140, '103.218.216.119', 1, 1, 1);
INSERT INTO `lc_member_verify` VALUES (704, NULL, '13446350986', '6110', 1514367407, '113.96.219.249', 1, 2, 0);
INSERT INTO `lc_member_verify` VALUES (705, 1909, '15889525059', '3988', 1515035041, '117.136.79.170', 1, 1, 1);
INSERT INTO `lc_member_verify` VALUES (706, 1912, '13510611261', '6339', 1515461324, '121.15.13.182', 1, 1, 1);
INSERT INTO `lc_member_verify` VALUES (707, 1913, '18567218107', '8193', 1515781810, '106.39.190.234', 1, 1, 1);
INSERT INTO `lc_member_verify` VALUES (708, NULL, '13822166539', '4097', 1517282662, '121.8.250.85', 1, 1, 0);
INSERT INTO `lc_member_verify` VALUES (709, 564, '13822166539', '2781', 1517282712, '121.8.250.85', 1, 2, 1);
INSERT INTO `lc_member_verify` VALUES (710, 1918, '15622365451', '6557', 1517371209, '61.145.156.30', 1, 1, 1);
INSERT INTO `lc_member_verify` VALUES (711, 1919, '18575531963', '8640', 1517372722, '14.116.133.171', 1, 1, 1);
INSERT INTO `lc_member_verify` VALUES (712, 1920, '18018713413', '9455', 1517374444, '183.14.28.48', 1, 1, 1);
INSERT INTO `lc_member_verify` VALUES (713, NULL, '13265743047', '3328', 1519628167, '183.56.156.210', 1, 1, 0);
INSERT INTO `lc_member_verify` VALUES (714, 479, '13265743047', '9459', 1519628225, '183.56.156.210', 1, 2, 1);
INSERT INTO `lc_member_verify` VALUES (715, NULL, '18938900192', '2273', 1519628335, '58.250.204.33', 1, 1, 0);
INSERT INTO `lc_member_verify` VALUES (716, NULL, '13600401231', '2516', 1519628347, '210.75.18.197', 1, 2, 0);
INSERT INTO `lc_member_verify` VALUES (717, 682, '18938900192', '9199', 1519628372, '58.250.204.33', 1, 2, 1);
INSERT INTO `lc_member_verify` VALUES (718, 1927, '18688759358', '5510', 1519637945, '202.104.143.178', 1, 1, 1);
INSERT INTO `lc_member_verify` VALUES (719, 1929, '15927288979', '6250', 1519695162, '113.57.163.83', 1, 1, 1);
INSERT INTO `lc_member_verify` VALUES (720, NULL, '17708453406', '2830', 1519702735, '119.137.53.49', 1, 1, 0);
INSERT INTO `lc_member_verify` VALUES (721, 1789, '17708453406', '8256', 1519702802, '119.137.53.49', 1, 2, 1);
INSERT INTO `lc_member_verify` VALUES (722, 2, '13632760412', '6117', 1519887781, '192.168.0.92', 0, 3, 1);
INSERT INTO `lc_member_verify` VALUES (723, NULL, '13802365123', '8553', 1520579223, '192.168.0.92', 0, 1, 1);
INSERT INTO `lc_member_verify` VALUES (724, NULL, '13222221111', '8983', 1520579682, '192.168.0.92', 0, 1, 1);
INSERT INTO `lc_member_verify` VALUES (725, NULL, '13311112222', '2548', 1520579909, '192.168.0.92', 0, 1, 1);
INSERT INTO `lc_member_verify` VALUES (726, NULL, '13826532123', '1180', 1520580194, '192.168.0.92', 0, 1, 1);
INSERT INTO `lc_member_verify` VALUES (727, NULL, '13632760413', '6283', 1520580999, '192.168.0.92', 0, 2, 1);
INSERT INTO `lc_member_verify` VALUES (729, 0, '13632760413', '4591', 1533535189, '192.168.0.59', 0, 2, 1);

-- ----------------------------
-- Table structure for lc_setting
-- ----------------------------
DROP TABLE IF EXISTS `lc_setting`;
CREATE TABLE `lc_setting`  (
  `k` varchar(100) CHARACTER SET utf8 COLLATE utf8_general_ci NOT NULL COMMENT '变量',
  `v` varchar(255) CHARACTER SET utf8 COLLATE utf8_general_ci NOT NULL COMMENT '值',
  `type` tinyint(1) NOT NULL COMMENT '0系统，1自定义',
  `name` varchar(255) CHARACTER SET utf8 COLLATE utf8_general_ci NOT NULL COMMENT '说明',
  PRIMARY KEY (`k`) USING BTREE,
  INDEX `k`(`k`) USING BTREE
) ENGINE = MyISAM CHARACTER SET = utf8 COLLATE = utf8_general_ci ROW_FORMAT = Dynamic;

-- ----------------------------
-- Records of lc_setting
-- ----------------------------
INSERT INTO `lc_setting` VALUES ('sitename', '微招，为科技助跑！', 0, '');
INSERT INTO `lc_setting` VALUES ('title', '微招，为科技助跑！', 0, '');
INSERT INTO `lc_setting` VALUES ('keywords', '招聘，网络招聘，移动招聘，it招聘，微招，为科技助跑！', 0, '');
INSERT INTO `lc_setting` VALUES ('description', '招聘，网络招聘，移动招聘，it招聘，微招，为科技助跑！', 0, '');
INSERT INTO `lc_setting` VALUES ('footer', '绯闻绯闻', 0, '');
INSERT INTO `lc_setting` VALUES ('SEND_MOBILE_URL', 'http://sapi.253.com/msg/HttpBatchSendSM', 1, '短信请求地址');
INSERT INTO `lc_setting` VALUES ('SEN_MOBILE_ACCOUNT', 'vip_szlc8', 1, '短信账号');
INSERT INTO `lc_setting` VALUES ('SEN_MOBILE_PWD', 'Adminlc888', 1, '短信账号密码');
INSERT INTO `lc_setting` VALUES ('TC_DATE', '14', 1, '未提延长的时间（保用期+7天。7天就代表这个延长时间）');
INSERT INTO `lc_setting` VALUES ('guarantee_time', '3', 1, '保用期默认');
INSERT INTO `lc_setting` VALUES ('PAYOUT_NUM', '100', 1, '提现最低金额');
INSERT INTO `lc_setting` VALUES ('task', '{\"resume_num\":150,\"company_num\":10,\"recovery_amount\":200000,\"entry_num\":4,\"inter_num\":50}', 0, '任务计划');

SET FOREIGN_KEY_CHECKS = 1;
