/*
 Navicat Premium Data Transfer

 Source Server         : 127.0.0.1
 Source Server Type    : MySQL
 Source Server Version : 50553
 Source Host           : localhost:3306
 Source Schema         : wzhaopin

 Target Server Type    : MySQL
 Target Server Version : 50553
 File Encoding         : 65001

 Date: 07/01/2019 10:38:29
*/

SET NAMES utf8mb4;
SET FOREIGN_KEY_CHECKS = 0;

-- ----------------------------
-- Table structure for lc_auth_group
-- ----------------------------
DROP TABLE IF EXISTS `lc_auth_group`;
CREATE TABLE `lc_auth_group`  (
  `id` mediumint(8) UNSIGNED NOT NULL AUTO_INCREMENT,
  `title` char(100) CHARACTER SET utf8 COLLATE utf8_general_ci NOT NULL DEFAULT '',
  `status` tinyint(1) NOT NULL DEFAULT 1,
  `rules` varchar(255) CHARACTER SET utf8 COLLATE utf8_general_ci NOT NULL DEFAULT '',
  `rules2` varchar(255) CHARACTER SET utf8 COLLATE utf8_general_ci NOT NULL DEFAULT '' COMMENT '推荐专用字段（有值得时候代表招聘经纪人）',
  PRIMARY KEY (`id`) USING BTREE
) ENGINE = MyISAM AUTO_INCREMENT = 13 CHARACTER SET = utf8 COLLATE = utf8_general_ci ROW_FORMAT = Dynamic;

-- ----------------------------
-- Records of lc_auth_group
-- ----------------------------
INSERT INTO `lc_auth_group` VALUES (1, '超级管理员', 1, '1,2,3,4,5,6,7,8,9,12,13,14,15,16,18,19,20,21,22,23,54,28,29,30,31,32,33,34,35,36,37,38,56,61,57,58,59,60,62,63,65,66', '');
INSERT INTO `lc_auth_group` VALUES (10, '我要招聘', 1, '4,5,49,6,7,8,9,11,13,50,51,55,24,25,26,27,28,34,37,38,39,40,41,42,43', '');
INSERT INTO `lc_auth_group` VALUES (8, '我要求职', 1, '4,47,48,6,9,10,13,14,15,18,28,34,37,38,39,40,41,42,43,44', '');
INSERT INTO `lc_auth_group` VALUES (11, '我要推荐', 1, '1,2,3,4,5,49,6,8,9,11,12,13,50,51,55,19,20,21,22,23,28,31,33,34,35,37,38,39,40,41,42,43', '1,2,3,4,47,48,6,8,9,11,12,13,14,15,16,17,18,52,53,28,34,37,38,39,40,41,42,43');
INSERT INTO `lc_auth_group` VALUES (12, '财务', 1, '1,2,3,4,6,9,12,13,15,18,19,20,21,22,23,28,30,31,32,33,34,35,36,37,38,56,61,39,40,41,42,43', '');

-- ----------------------------
-- Table structure for lc_auth_group_access
-- ----------------------------
DROP TABLE IF EXISTS `lc_auth_group_access`;
CREATE TABLE `lc_auth_group_access`  (
  `uid` mediumint(8) UNSIGNED NOT NULL,
  `group_id` mediumint(8) UNSIGNED NOT NULL
) ENGINE = MyISAM CHARACTER SET = utf8 COLLATE = utf8_general_ci ROW_FORMAT = Fixed;

-- ----------------------------
-- Records of lc_auth_group_access
-- ----------------------------
INSERT INTO `lc_auth_group_access` VALUES (1, 1);
INSERT INTO `lc_auth_group_access` VALUES (2, 8);
INSERT INTO `lc_auth_group_access` VALUES (3, 8);
INSERT INTO `lc_auth_group_access` VALUES (4, 8);
INSERT INTO `lc_auth_group_access` VALUES (5, 8);
INSERT INTO `lc_auth_group_access` VALUES (6, 8);
INSERT INTO `lc_auth_group_access` VALUES (7, 8);
INSERT INTO `lc_auth_group_access` VALUES (8, 8);
INSERT INTO `lc_auth_group_access` VALUES (9, 8);
INSERT INTO `lc_auth_group_access` VALUES (11, 8);
INSERT INTO `lc_auth_group_access` VALUES (12, 8);
INSERT INTO `lc_auth_group_access` VALUES (14, 8);
INSERT INTO `lc_auth_group_access` VALUES (15, 8);
INSERT INTO `lc_auth_group_access` VALUES (16, 8);
INSERT INTO `lc_auth_group_access` VALUES (17, 8);
INSERT INTO `lc_auth_group_access` VALUES (19, 8);
INSERT INTO `lc_auth_group_access` VALUES (20, 8);
INSERT INTO `lc_auth_group_access` VALUES (21, 8);
INSERT INTO `lc_auth_group_access` VALUES (23, 8);
INSERT INTO `lc_auth_group_access` VALUES (24, 8);
INSERT INTO `lc_auth_group_access` VALUES (25, 8);
INSERT INTO `lc_auth_group_access` VALUES (27, 8);
INSERT INTO `lc_auth_group_access` VALUES (30, 8);
INSERT INTO `lc_auth_group_access` VALUES (31, 8);
INSERT INTO `lc_auth_group_access` VALUES (33, 8);
INSERT INTO `lc_auth_group_access` VALUES (34, 8);
INSERT INTO `lc_auth_group_access` VALUES (36, 8);
INSERT INTO `lc_auth_group_access` VALUES (37, 8);
INSERT INTO `lc_auth_group_access` VALUES (38, 8);
INSERT INTO `lc_auth_group_access` VALUES (39, 8);
INSERT INTO `lc_auth_group_access` VALUES (42, 8);
INSERT INTO `lc_auth_group_access` VALUES (44, 8);
INSERT INTO `lc_auth_group_access` VALUES (45, 8);
INSERT INTO `lc_auth_group_access` VALUES (46, 8);
INSERT INTO `lc_auth_group_access` VALUES (47, 8);
INSERT INTO `lc_auth_group_access` VALUES (48, 8);
INSERT INTO `lc_auth_group_access` VALUES (49, 8);
INSERT INTO `lc_auth_group_access` VALUES (50, 8);
INSERT INTO `lc_auth_group_access` VALUES (52, 8);
INSERT INTO `lc_auth_group_access` VALUES (53, 8);
INSERT INTO `lc_auth_group_access` VALUES (54, 8);
INSERT INTO `lc_auth_group_access` VALUES (55, 8);
INSERT INTO `lc_auth_group_access` VALUES (56, 8);
INSERT INTO `lc_auth_group_access` VALUES (58, 8);
INSERT INTO `lc_auth_group_access` VALUES (59, 8);
INSERT INTO `lc_auth_group_access` VALUES (61, 8);
INSERT INTO `lc_auth_group_access` VALUES (62, 8);
INSERT INTO `lc_auth_group_access` VALUES (63, 8);
INSERT INTO `lc_auth_group_access` VALUES (64, 8);
INSERT INTO `lc_auth_group_access` VALUES (69, 8);
INSERT INTO `lc_auth_group_access` VALUES (70, 8);
INSERT INTO `lc_auth_group_access` VALUES (71, 8);
INSERT INTO `lc_auth_group_access` VALUES (72, 8);
INSERT INTO `lc_auth_group_access` VALUES (73, 8);
INSERT INTO `lc_auth_group_access` VALUES (74, 8);
INSERT INTO `lc_auth_group_access` VALUES (77, 8);
INSERT INTO `lc_auth_group_access` VALUES (78, 8);
INSERT INTO `lc_auth_group_access` VALUES (81, 8);
INSERT INTO `lc_auth_group_access` VALUES (84, 8);
INSERT INTO `lc_auth_group_access` VALUES (85, 8);
INSERT INTO `lc_auth_group_access` VALUES (86, 8);
INSERT INTO `lc_auth_group_access` VALUES (87, 8);
INSERT INTO `lc_auth_group_access` VALUES (88, 8);
INSERT INTO `lc_auth_group_access` VALUES (89, 8);
INSERT INTO `lc_auth_group_access` VALUES (90, 8);
INSERT INTO `lc_auth_group_access` VALUES (91, 8);
INSERT INTO `lc_auth_group_access` VALUES (92, 8);
INSERT INTO `lc_auth_group_access` VALUES (98, 8);
INSERT INTO `lc_auth_group_access` VALUES (99, 8);
INSERT INTO `lc_auth_group_access` VALUES (100, 8);
INSERT INTO `lc_auth_group_access` VALUES (102, 8);
INSERT INTO `lc_auth_group_access` VALUES (103, 8);
INSERT INTO `lc_auth_group_access` VALUES (104, 8);
INSERT INTO `lc_auth_group_access` VALUES (105, 8);
INSERT INTO `lc_auth_group_access` VALUES (106, 8);
INSERT INTO `lc_auth_group_access` VALUES (107, 8);
INSERT INTO `lc_auth_group_access` VALUES (108, 8);
INSERT INTO `lc_auth_group_access` VALUES (109, 8);
INSERT INTO `lc_auth_group_access` VALUES (110, 8);
INSERT INTO `lc_auth_group_access` VALUES (111, 8);
INSERT INTO `lc_auth_group_access` VALUES (112, 8);
INSERT INTO `lc_auth_group_access` VALUES (113, 8);
INSERT INTO `lc_auth_group_access` VALUES (115, 8);
INSERT INTO `lc_auth_group_access` VALUES (116, 8);
INSERT INTO `lc_auth_group_access` VALUES (117, 8);
INSERT INTO `lc_auth_group_access` VALUES (118, 8);
INSERT INTO `lc_auth_group_access` VALUES (119, 8);
INSERT INTO `lc_auth_group_access` VALUES (120, 8);
INSERT INTO `lc_auth_group_access` VALUES (121, 8);
INSERT INTO `lc_auth_group_access` VALUES (123, 8);
INSERT INTO `lc_auth_group_access` VALUES (124, 8);
INSERT INTO `lc_auth_group_access` VALUES (125, 8);
INSERT INTO `lc_auth_group_access` VALUES (126, 8);
INSERT INTO `lc_auth_group_access` VALUES (127, 8);
INSERT INTO `lc_auth_group_access` VALUES (129, 8);
INSERT INTO `lc_auth_group_access` VALUES (130, 8);
INSERT INTO `lc_auth_group_access` VALUES (131, 8);
INSERT INTO `lc_auth_group_access` VALUES (132, 8);
INSERT INTO `lc_auth_group_access` VALUES (133, 8);
INSERT INTO `lc_auth_group_access` VALUES (136, 8);
INSERT INTO `lc_auth_group_access` VALUES (137, 8);
INSERT INTO `lc_auth_group_access` VALUES (138, 8);
INSERT INTO `lc_auth_group_access` VALUES (139, 8);
INSERT INTO `lc_auth_group_access` VALUES (140, 8);
INSERT INTO `lc_auth_group_access` VALUES (141, 8);
INSERT INTO `lc_auth_group_access` VALUES (142, 8);
INSERT INTO `lc_auth_group_access` VALUES (143, 8);
INSERT INTO `lc_auth_group_access` VALUES (144, 8);
INSERT INTO `lc_auth_group_access` VALUES (145, 8);
INSERT INTO `lc_auth_group_access` VALUES (146, 8);
INSERT INTO `lc_auth_group_access` VALUES (147, 8);
INSERT INTO `lc_auth_group_access` VALUES (148, 8);
INSERT INTO `lc_auth_group_access` VALUES (149, 8);
INSERT INTO `lc_auth_group_access` VALUES (150, 8);
INSERT INTO `lc_auth_group_access` VALUES (151, 8);
INSERT INTO `lc_auth_group_access` VALUES (152, 8);
INSERT INTO `lc_auth_group_access` VALUES (153, 8);
INSERT INTO `lc_auth_group_access` VALUES (154, 8);
INSERT INTO `lc_auth_group_access` VALUES (155, 8);
INSERT INTO `lc_auth_group_access` VALUES (156, 8);
INSERT INTO `lc_auth_group_access` VALUES (157, 8);
INSERT INTO `lc_auth_group_access` VALUES (158, 8);
INSERT INTO `lc_auth_group_access` VALUES (159, 8);
INSERT INTO `lc_auth_group_access` VALUES (160, 8);
INSERT INTO `lc_auth_group_access` VALUES (161, 8);
INSERT INTO `lc_auth_group_access` VALUES (162, 8);
INSERT INTO `lc_auth_group_access` VALUES (163, 8);
INSERT INTO `lc_auth_group_access` VALUES (164, 8);
INSERT INTO `lc_auth_group_access` VALUES (165, 8);
INSERT INTO `lc_auth_group_access` VALUES (166, 8);
INSERT INTO `lc_auth_group_access` VALUES (167, 8);
INSERT INTO `lc_auth_group_access` VALUES (168, 8);
INSERT INTO `lc_auth_group_access` VALUES (169, 8);
INSERT INTO `lc_auth_group_access` VALUES (170, 8);
INSERT INTO `lc_auth_group_access` VALUES (171, 8);
INSERT INTO `lc_auth_group_access` VALUES (172, 8);
INSERT INTO `lc_auth_group_access` VALUES (173, 8);
INSERT INTO `lc_auth_group_access` VALUES (174, 8);
INSERT INTO `lc_auth_group_access` VALUES (175, 8);
INSERT INTO `lc_auth_group_access` VALUES (176, 8);
INSERT INTO `lc_auth_group_access` VALUES (177, 8);
INSERT INTO `lc_auth_group_access` VALUES (178, 8);
INSERT INTO `lc_auth_group_access` VALUES (179, 8);
INSERT INTO `lc_auth_group_access` VALUES (180, 8);
INSERT INTO `lc_auth_group_access` VALUES (181, 8);
INSERT INTO `lc_auth_group_access` VALUES (182, 8);
INSERT INTO `lc_auth_group_access` VALUES (183, 8);
INSERT INTO `lc_auth_group_access` VALUES (184, 8);
INSERT INTO `lc_auth_group_access` VALUES (185, 8);
INSERT INTO `lc_auth_group_access` VALUES (186, 8);
INSERT INTO `lc_auth_group_access` VALUES (187, 8);
INSERT INTO `lc_auth_group_access` VALUES (188, 8);
INSERT INTO `lc_auth_group_access` VALUES (189, 8);
INSERT INTO `lc_auth_group_access` VALUES (190, 8);
INSERT INTO `lc_auth_group_access` VALUES (191, 8);
INSERT INTO `lc_auth_group_access` VALUES (192, 8);
INSERT INTO `lc_auth_group_access` VALUES (193, 8);
INSERT INTO `lc_auth_group_access` VALUES (194, 8);
INSERT INTO `lc_auth_group_access` VALUES (195, 8);
INSERT INTO `lc_auth_group_access` VALUES (196, 8);
INSERT INTO `lc_auth_group_access` VALUES (197, 8);
INSERT INTO `lc_auth_group_access` VALUES (198, 8);
INSERT INTO `lc_auth_group_access` VALUES (199, 8);
INSERT INTO `lc_auth_group_access` VALUES (200, 8);
INSERT INTO `lc_auth_group_access` VALUES (201, 8);
INSERT INTO `lc_auth_group_access` VALUES (202, 8);
INSERT INTO `lc_auth_group_access` VALUES (203, 8);
INSERT INTO `lc_auth_group_access` VALUES (204, 8);
INSERT INTO `lc_auth_group_access` VALUES (205, 8);
INSERT INTO `lc_auth_group_access` VALUES (206, 8);
INSERT INTO `lc_auth_group_access` VALUES (207, 8);
INSERT INTO `lc_auth_group_access` VALUES (208, 8);
INSERT INTO `lc_auth_group_access` VALUES (209, 8);
INSERT INTO `lc_auth_group_access` VALUES (210, 8);
INSERT INTO `lc_auth_group_access` VALUES (211, 8);
INSERT INTO `lc_auth_group_access` VALUES (212, 8);
INSERT INTO `lc_auth_group_access` VALUES (213, 8);
INSERT INTO `lc_auth_group_access` VALUES (214, 8);
INSERT INTO `lc_auth_group_access` VALUES (215, 8);
INSERT INTO `lc_auth_group_access` VALUES (216, 8);
INSERT INTO `lc_auth_group_access` VALUES (217, 8);
INSERT INTO `lc_auth_group_access` VALUES (218, 8);
INSERT INTO `lc_auth_group_access` VALUES (219, 8);
INSERT INTO `lc_auth_group_access` VALUES (220, 8);
INSERT INTO `lc_auth_group_access` VALUES (221, 8);
INSERT INTO `lc_auth_group_access` VALUES (222, 8);
INSERT INTO `lc_auth_group_access` VALUES (223, 8);
INSERT INTO `lc_auth_group_access` VALUES (224, 8);
INSERT INTO `lc_auth_group_access` VALUES (225, 8);
INSERT INTO `lc_auth_group_access` VALUES (226, 8);
INSERT INTO `lc_auth_group_access` VALUES (227, 8);
INSERT INTO `lc_auth_group_access` VALUES (228, 8);
INSERT INTO `lc_auth_group_access` VALUES (229, 8);
INSERT INTO `lc_auth_group_access` VALUES (230, 8);
INSERT INTO `lc_auth_group_access` VALUES (231, 8);
INSERT INTO `lc_auth_group_access` VALUES (232, 8);
INSERT INTO `lc_auth_group_access` VALUES (233, 8);
INSERT INTO `lc_auth_group_access` VALUES (234, 8);
INSERT INTO `lc_auth_group_access` VALUES (235, 8);
INSERT INTO `lc_auth_group_access` VALUES (236, 8);
INSERT INTO `lc_auth_group_access` VALUES (237, 8);
INSERT INTO `lc_auth_group_access` VALUES (238, 8);
INSERT INTO `lc_auth_group_access` VALUES (239, 8);
INSERT INTO `lc_auth_group_access` VALUES (240, 8);
INSERT INTO `lc_auth_group_access` VALUES (241, 8);
INSERT INTO `lc_auth_group_access` VALUES (242, 8);
INSERT INTO `lc_auth_group_access` VALUES (243, 8);
INSERT INTO `lc_auth_group_access` VALUES (244, 8);
INSERT INTO `lc_auth_group_access` VALUES (245, 8);
INSERT INTO `lc_auth_group_access` VALUES (246, 8);
INSERT INTO `lc_auth_group_access` VALUES (247, 8);
INSERT INTO `lc_auth_group_access` VALUES (248, 8);
INSERT INTO `lc_auth_group_access` VALUES (249, 8);
INSERT INTO `lc_auth_group_access` VALUES (250, 8);
INSERT INTO `lc_auth_group_access` VALUES (251, 8);
INSERT INTO `lc_auth_group_access` VALUES (252, 8);
INSERT INTO `lc_auth_group_access` VALUES (253, 8);
INSERT INTO `lc_auth_group_access` VALUES (254, 8);
INSERT INTO `lc_auth_group_access` VALUES (255, 8);
INSERT INTO `lc_auth_group_access` VALUES (256, 8);
INSERT INTO `lc_auth_group_access` VALUES (257, 8);
INSERT INTO `lc_auth_group_access` VALUES (258, 8);
INSERT INTO `lc_auth_group_access` VALUES (259, 8);
INSERT INTO `lc_auth_group_access` VALUES (260, 8);
INSERT INTO `lc_auth_group_access` VALUES (261, 8);
INSERT INTO `lc_auth_group_access` VALUES (262, 8);
INSERT INTO `lc_auth_group_access` VALUES (263, 8);
INSERT INTO `lc_auth_group_access` VALUES (264, 8);
INSERT INTO `lc_auth_group_access` VALUES (265, 8);
INSERT INTO `lc_auth_group_access` VALUES (266, 8);
INSERT INTO `lc_auth_group_access` VALUES (267, 8);
INSERT INTO `lc_auth_group_access` VALUES (268, 8);
INSERT INTO `lc_auth_group_access` VALUES (269, 8);
INSERT INTO `lc_auth_group_access` VALUES (270, 8);
INSERT INTO `lc_auth_group_access` VALUES (271, 8);
INSERT INTO `lc_auth_group_access` VALUES (272, 8);
INSERT INTO `lc_auth_group_access` VALUES (273, 8);
INSERT INTO `lc_auth_group_access` VALUES (274, 8);
INSERT INTO `lc_auth_group_access` VALUES (275, 8);
INSERT INTO `lc_auth_group_access` VALUES (276, 8);
INSERT INTO `lc_auth_group_access` VALUES (277, 8);
INSERT INTO `lc_auth_group_access` VALUES (278, 8);
INSERT INTO `lc_auth_group_access` VALUES (279, 8);
INSERT INTO `lc_auth_group_access` VALUES (280, 8);
INSERT INTO `lc_auth_group_access` VALUES (281, 8);
INSERT INTO `lc_auth_group_access` VALUES (282, 8);
INSERT INTO `lc_auth_group_access` VALUES (283, 8);
INSERT INTO `lc_auth_group_access` VALUES (284, 8);
INSERT INTO `lc_auth_group_access` VALUES (285, 8);
INSERT INTO `lc_auth_group_access` VALUES (286, 8);
INSERT INTO `lc_auth_group_access` VALUES (287, 8);
INSERT INTO `lc_auth_group_access` VALUES (288, 8);
INSERT INTO `lc_auth_group_access` VALUES (289, 8);
INSERT INTO `lc_auth_group_access` VALUES (290, 8);
INSERT INTO `lc_auth_group_access` VALUES (291, 8);
INSERT INTO `lc_auth_group_access` VALUES (292, 8);
INSERT INTO `lc_auth_group_access` VALUES (293, 8);
INSERT INTO `lc_auth_group_access` VALUES (294, 8);
INSERT INTO `lc_auth_group_access` VALUES (295, 8);
INSERT INTO `lc_auth_group_access` VALUES (296, 8);
INSERT INTO `lc_auth_group_access` VALUES (297, 8);
INSERT INTO `lc_auth_group_access` VALUES (298, 8);
INSERT INTO `lc_auth_group_access` VALUES (299, 8);
INSERT INTO `lc_auth_group_access` VALUES (300, 8);
INSERT INTO `lc_auth_group_access` VALUES (301, 8);
INSERT INTO `lc_auth_group_access` VALUES (302, 8);
INSERT INTO `lc_auth_group_access` VALUES (303, 8);
INSERT INTO `lc_auth_group_access` VALUES (304, 8);
INSERT INTO `lc_auth_group_access` VALUES (305, 8);
INSERT INTO `lc_auth_group_access` VALUES (306, 8);
INSERT INTO `lc_auth_group_access` VALUES (307, 8);
INSERT INTO `lc_auth_group_access` VALUES (308, 8);
INSERT INTO `lc_auth_group_access` VALUES (309, 8);
INSERT INTO `lc_auth_group_access` VALUES (310, 8);
INSERT INTO `lc_auth_group_access` VALUES (311, 8);
INSERT INTO `lc_auth_group_access` VALUES (312, 8);
INSERT INTO `lc_auth_group_access` VALUES (313, 8);
INSERT INTO `lc_auth_group_access` VALUES (314, 8);
INSERT INTO `lc_auth_group_access` VALUES (315, 8);
INSERT INTO `lc_auth_group_access` VALUES (316, 8);
INSERT INTO `lc_auth_group_access` VALUES (317, 8);
INSERT INTO `lc_auth_group_access` VALUES (318, 8);
INSERT INTO `lc_auth_group_access` VALUES (319, 8);
INSERT INTO `lc_auth_group_access` VALUES (320, 8);
INSERT INTO `lc_auth_group_access` VALUES (321, 8);
INSERT INTO `lc_auth_group_access` VALUES (322, 8);
INSERT INTO `lc_auth_group_access` VALUES (323, 8);
INSERT INTO `lc_auth_group_access` VALUES (324, 8);
INSERT INTO `lc_auth_group_access` VALUES (326, 8);
INSERT INTO `lc_auth_group_access` VALUES (327, 8);
INSERT INTO `lc_auth_group_access` VALUES (328, 8);
INSERT INTO `lc_auth_group_access` VALUES (329, 8);
INSERT INTO `lc_auth_group_access` VALUES (330, 8);
INSERT INTO `lc_auth_group_access` VALUES (331, 8);
INSERT INTO `lc_auth_group_access` VALUES (332, 8);
INSERT INTO `lc_auth_group_access` VALUES (333, 8);
INSERT INTO `lc_auth_group_access` VALUES (334, 8);
INSERT INTO `lc_auth_group_access` VALUES (335, 8);
INSERT INTO `lc_auth_group_access` VALUES (336, 8);
INSERT INTO `lc_auth_group_access` VALUES (337, 8);
INSERT INTO `lc_auth_group_access` VALUES (338, 8);
INSERT INTO `lc_auth_group_access` VALUES (339, 8);
INSERT INTO `lc_auth_group_access` VALUES (340, 8);
INSERT INTO `lc_auth_group_access` VALUES (341, 8);
INSERT INTO `lc_auth_group_access` VALUES (342, 8);
INSERT INTO `lc_auth_group_access` VALUES (343, 8);
INSERT INTO `lc_auth_group_access` VALUES (344, 8);
INSERT INTO `lc_auth_group_access` VALUES (345, 8);
INSERT INTO `lc_auth_group_access` VALUES (346, 8);
INSERT INTO `lc_auth_group_access` VALUES (347, 8);
INSERT INTO `lc_auth_group_access` VALUES (348, 8);
INSERT INTO `lc_auth_group_access` VALUES (349, 8);
INSERT INTO `lc_auth_group_access` VALUES (350, 8);
INSERT INTO `lc_auth_group_access` VALUES (351, 8);
INSERT INTO `lc_auth_group_access` VALUES (352, 8);
INSERT INTO `lc_auth_group_access` VALUES (353, 8);
INSERT INTO `lc_auth_group_access` VALUES (354, 8);
INSERT INTO `lc_auth_group_access` VALUES (355, 8);
INSERT INTO `lc_auth_group_access` VALUES (356, 8);
INSERT INTO `lc_auth_group_access` VALUES (357, 8);
INSERT INTO `lc_auth_group_access` VALUES (358, 8);
INSERT INTO `lc_auth_group_access` VALUES (359, 8);
INSERT INTO `lc_auth_group_access` VALUES (360, 8);
INSERT INTO `lc_auth_group_access` VALUES (361, 8);
INSERT INTO `lc_auth_group_access` VALUES (362, 8);
INSERT INTO `lc_auth_group_access` VALUES (363, 8);
INSERT INTO `lc_auth_group_access` VALUES (364, 8);
INSERT INTO `lc_auth_group_access` VALUES (365, 8);
INSERT INTO `lc_auth_group_access` VALUES (366, 8);
INSERT INTO `lc_auth_group_access` VALUES (367, 8);
INSERT INTO `lc_auth_group_access` VALUES (368, 8);
INSERT INTO `lc_auth_group_access` VALUES (369, 8);
INSERT INTO `lc_auth_group_access` VALUES (370, 8);
INSERT INTO `lc_auth_group_access` VALUES (371, 8);
INSERT INTO `lc_auth_group_access` VALUES (372, 8);
INSERT INTO `lc_auth_group_access` VALUES (373, 8);
INSERT INTO `lc_auth_group_access` VALUES (374, 8);
INSERT INTO `lc_auth_group_access` VALUES (375, 8);
INSERT INTO `lc_auth_group_access` VALUES (376, 8);
INSERT INTO `lc_auth_group_access` VALUES (377, 8);
INSERT INTO `lc_auth_group_access` VALUES (378, 8);
INSERT INTO `lc_auth_group_access` VALUES (379, 8);
INSERT INTO `lc_auth_group_access` VALUES (380, 8);
INSERT INTO `lc_auth_group_access` VALUES (381, 8);
INSERT INTO `lc_auth_group_access` VALUES (382, 8);
INSERT INTO `lc_auth_group_access` VALUES (383, 8);
INSERT INTO `lc_auth_group_access` VALUES (384, 8);
INSERT INTO `lc_auth_group_access` VALUES (385, 8);
INSERT INTO `lc_auth_group_access` VALUES (386, 8);
INSERT INTO `lc_auth_group_access` VALUES (387, 8);
INSERT INTO `lc_auth_group_access` VALUES (388, 8);
INSERT INTO `lc_auth_group_access` VALUES (389, 8);
INSERT INTO `lc_auth_group_access` VALUES (390, 8);
INSERT INTO `lc_auth_group_access` VALUES (391, 8);
INSERT INTO `lc_auth_group_access` VALUES (392, 8);
INSERT INTO `lc_auth_group_access` VALUES (393, 8);
INSERT INTO `lc_auth_group_access` VALUES (394, 8);
INSERT INTO `lc_auth_group_access` VALUES (395, 8);
INSERT INTO `lc_auth_group_access` VALUES (396, 8);
INSERT INTO `lc_auth_group_access` VALUES (397, 8);
INSERT INTO `lc_auth_group_access` VALUES (398, 8);
INSERT INTO `lc_auth_group_access` VALUES (399, 8);
INSERT INTO `lc_auth_group_access` VALUES (400, 8);
INSERT INTO `lc_auth_group_access` VALUES (401, 8);
INSERT INTO `lc_auth_group_access` VALUES (402, 8);
INSERT INTO `lc_auth_group_access` VALUES (403, 8);
INSERT INTO `lc_auth_group_access` VALUES (404, 8);
INSERT INTO `lc_auth_group_access` VALUES (405, 8);
INSERT INTO `lc_auth_group_access` VALUES (406, 8);
INSERT INTO `lc_auth_group_access` VALUES (407, 8);
INSERT INTO `lc_auth_group_access` VALUES (408, 8);
INSERT INTO `lc_auth_group_access` VALUES (409, 8);
INSERT INTO `lc_auth_group_access` VALUES (410, 8);
INSERT INTO `lc_auth_group_access` VALUES (411, 8);
INSERT INTO `lc_auth_group_access` VALUES (412, 8);
INSERT INTO `lc_auth_group_access` VALUES (413, 8);
INSERT INTO `lc_auth_group_access` VALUES (414, 8);
INSERT INTO `lc_auth_group_access` VALUES (415, 8);
INSERT INTO `lc_auth_group_access` VALUES (416, 8);
INSERT INTO `lc_auth_group_access` VALUES (417, 8);
INSERT INTO `lc_auth_group_access` VALUES (418, 8);
INSERT INTO `lc_auth_group_access` VALUES (419, 8);
INSERT INTO `lc_auth_group_access` VALUES (420, 8);
INSERT INTO `lc_auth_group_access` VALUES (421, 8);
INSERT INTO `lc_auth_group_access` VALUES (422, 8);
INSERT INTO `lc_auth_group_access` VALUES (423, 8);
INSERT INTO `lc_auth_group_access` VALUES (424, 8);
INSERT INTO `lc_auth_group_access` VALUES (425, 8);
INSERT INTO `lc_auth_group_access` VALUES (426, 8);
INSERT INTO `lc_auth_group_access` VALUES (427, 8);
INSERT INTO `lc_auth_group_access` VALUES (428, 8);
INSERT INTO `lc_auth_group_access` VALUES (429, 8);
INSERT INTO `lc_auth_group_access` VALUES (430, 8);
INSERT INTO `lc_auth_group_access` VALUES (431, 8);
INSERT INTO `lc_auth_group_access` VALUES (432, 8);
INSERT INTO `lc_auth_group_access` VALUES (433, 8);
INSERT INTO `lc_auth_group_access` VALUES (434, 8);
INSERT INTO `lc_auth_group_access` VALUES (435, 8);
INSERT INTO `lc_auth_group_access` VALUES (436, 8);
INSERT INTO `lc_auth_group_access` VALUES (437, 8);
INSERT INTO `lc_auth_group_access` VALUES (438, 8);
INSERT INTO `lc_auth_group_access` VALUES (439, 8);
INSERT INTO `lc_auth_group_access` VALUES (440, 8);
INSERT INTO `lc_auth_group_access` VALUES (441, 8);
INSERT INTO `lc_auth_group_access` VALUES (442, 8);
INSERT INTO `lc_auth_group_access` VALUES (443, 8);
INSERT INTO `lc_auth_group_access` VALUES (444, 8);
INSERT INTO `lc_auth_group_access` VALUES (445, 8);
INSERT INTO `lc_auth_group_access` VALUES (446, 8);
INSERT INTO `lc_auth_group_access` VALUES (447, 8);
INSERT INTO `lc_auth_group_access` VALUES (448, 8);
INSERT INTO `lc_auth_group_access` VALUES (449, 8);
INSERT INTO `lc_auth_group_access` VALUES (450, 8);
INSERT INTO `lc_auth_group_access` VALUES (451, 8);
INSERT INTO `lc_auth_group_access` VALUES (452, 8);
INSERT INTO `lc_auth_group_access` VALUES (453, 8);
INSERT INTO `lc_auth_group_access` VALUES (454, 8);
INSERT INTO `lc_auth_group_access` VALUES (455, 8);
INSERT INTO `lc_auth_group_access` VALUES (456, 8);
INSERT INTO `lc_auth_group_access` VALUES (457, 8);
INSERT INTO `lc_auth_group_access` VALUES (458, 8);
INSERT INTO `lc_auth_group_access` VALUES (459, 8);
INSERT INTO `lc_auth_group_access` VALUES (460, 8);
INSERT INTO `lc_auth_group_access` VALUES (461, 8);
INSERT INTO `lc_auth_group_access` VALUES (462, 8);
INSERT INTO `lc_auth_group_access` VALUES (463, 8);
INSERT INTO `lc_auth_group_access` VALUES (464, 8);
INSERT INTO `lc_auth_group_access` VALUES (465, 8);
INSERT INTO `lc_auth_group_access` VALUES (466, 8);
INSERT INTO `lc_auth_group_access` VALUES (467, 8);
INSERT INTO `lc_auth_group_access` VALUES (468, 8);
INSERT INTO `lc_auth_group_access` VALUES (469, 8);
INSERT INTO `lc_auth_group_access` VALUES (470, 8);
INSERT INTO `lc_auth_group_access` VALUES (471, 8);
INSERT INTO `lc_auth_group_access` VALUES (472, 8);
INSERT INTO `lc_auth_group_access` VALUES (473, 8);
INSERT INTO `lc_auth_group_access` VALUES (474, 8);
INSERT INTO `lc_auth_group_access` VALUES (475, 8);
INSERT INTO `lc_auth_group_access` VALUES (476, 8);
INSERT INTO `lc_auth_group_access` VALUES (477, 8);
INSERT INTO `lc_auth_group_access` VALUES (478, 8);
INSERT INTO `lc_auth_group_access` VALUES (479, 8);
INSERT INTO `lc_auth_group_access` VALUES (480, 8);
INSERT INTO `lc_auth_group_access` VALUES (481, 8);
INSERT INTO `lc_auth_group_access` VALUES (482, 8);
INSERT INTO `lc_auth_group_access` VALUES (483, 8);
INSERT INTO `lc_auth_group_access` VALUES (484, 8);
INSERT INTO `lc_auth_group_access` VALUES (485, 8);
INSERT INTO `lc_auth_group_access` VALUES (486, 8);
INSERT INTO `lc_auth_group_access` VALUES (487, 8);
INSERT INTO `lc_auth_group_access` VALUES (488, 8);
INSERT INTO `lc_auth_group_access` VALUES (489, 8);
INSERT INTO `lc_auth_group_access` VALUES (490, 8);
INSERT INTO `lc_auth_group_access` VALUES (491, 8);
INSERT INTO `lc_auth_group_access` VALUES (492, 8);
INSERT INTO `lc_auth_group_access` VALUES (493, 8);
INSERT INTO `lc_auth_group_access` VALUES (494, 8);
INSERT INTO `lc_auth_group_access` VALUES (495, 8);
INSERT INTO `lc_auth_group_access` VALUES (496, 8);
INSERT INTO `lc_auth_group_access` VALUES (497, 8);
INSERT INTO `lc_auth_group_access` VALUES (498, 8);
INSERT INTO `lc_auth_group_access` VALUES (499, 8);
INSERT INTO `lc_auth_group_access` VALUES (500, 8);
INSERT INTO `lc_auth_group_access` VALUES (501, 8);
INSERT INTO `lc_auth_group_access` VALUES (502, 8);
INSERT INTO `lc_auth_group_access` VALUES (503, 8);
INSERT INTO `lc_auth_group_access` VALUES (504, 8);
INSERT INTO `lc_auth_group_access` VALUES (505, 8);
INSERT INTO `lc_auth_group_access` VALUES (506, 8);
INSERT INTO `lc_auth_group_access` VALUES (507, 8);
INSERT INTO `lc_auth_group_access` VALUES (508, 8);
INSERT INTO `lc_auth_group_access` VALUES (509, 8);
INSERT INTO `lc_auth_group_access` VALUES (510, 8);
INSERT INTO `lc_auth_group_access` VALUES (511, 8);
INSERT INTO `lc_auth_group_access` VALUES (512, 8);
INSERT INTO `lc_auth_group_access` VALUES (513, 8);
INSERT INTO `lc_auth_group_access` VALUES (514, 8);
INSERT INTO `lc_auth_group_access` VALUES (515, 8);
INSERT INTO `lc_auth_group_access` VALUES (516, 8);
INSERT INTO `lc_auth_group_access` VALUES (517, 8);
INSERT INTO `lc_auth_group_access` VALUES (518, 8);
INSERT INTO `lc_auth_group_access` VALUES (519, 8);
INSERT INTO `lc_auth_group_access` VALUES (520, 8);
INSERT INTO `lc_auth_group_access` VALUES (521, 8);
INSERT INTO `lc_auth_group_access` VALUES (522, 8);
INSERT INTO `lc_auth_group_access` VALUES (523, 8);
INSERT INTO `lc_auth_group_access` VALUES (524, 8);
INSERT INTO `lc_auth_group_access` VALUES (525, 8);
INSERT INTO `lc_auth_group_access` VALUES (526, 8);
INSERT INTO `lc_auth_group_access` VALUES (527, 8);
INSERT INTO `lc_auth_group_access` VALUES (528, 8);
INSERT INTO `lc_auth_group_access` VALUES (529, 8);
INSERT INTO `lc_auth_group_access` VALUES (530, 8);
INSERT INTO `lc_auth_group_access` VALUES (531, 8);
INSERT INTO `lc_auth_group_access` VALUES (532, 8);
INSERT INTO `lc_auth_group_access` VALUES (533, 8);
INSERT INTO `lc_auth_group_access` VALUES (534, 8);
INSERT INTO `lc_auth_group_access` VALUES (535, 8);
INSERT INTO `lc_auth_group_access` VALUES (536, 8);
INSERT INTO `lc_auth_group_access` VALUES (537, 8);
INSERT INTO `lc_auth_group_access` VALUES (538, 8);
INSERT INTO `lc_auth_group_access` VALUES (539, 8);
INSERT INTO `lc_auth_group_access` VALUES (540, 8);
INSERT INTO `lc_auth_group_access` VALUES (541, 8);
INSERT INTO `lc_auth_group_access` VALUES (542, 8);
INSERT INTO `lc_auth_group_access` VALUES (543, 8);
INSERT INTO `lc_auth_group_access` VALUES (544, 8);
INSERT INTO `lc_auth_group_access` VALUES (545, 8);
INSERT INTO `lc_auth_group_access` VALUES (546, 8);
INSERT INTO `lc_auth_group_access` VALUES (547, 8);
INSERT INTO `lc_auth_group_access` VALUES (548, 8);
INSERT INTO `lc_auth_group_access` VALUES (549, 8);
INSERT INTO `lc_auth_group_access` VALUES (550, 8);
INSERT INTO `lc_auth_group_access` VALUES (551, 8);
INSERT INTO `lc_auth_group_access` VALUES (552, 8);
INSERT INTO `lc_auth_group_access` VALUES (553, 8);
INSERT INTO `lc_auth_group_access` VALUES (554, 8);
INSERT INTO `lc_auth_group_access` VALUES (555, 8);
INSERT INTO `lc_auth_group_access` VALUES (556, 8);
INSERT INTO `lc_auth_group_access` VALUES (557, 8);
INSERT INTO `lc_auth_group_access` VALUES (558, 8);
INSERT INTO `lc_auth_group_access` VALUES (559, 8);
INSERT INTO `lc_auth_group_access` VALUES (560, 8);
INSERT INTO `lc_auth_group_access` VALUES (561, 8);
INSERT INTO `lc_auth_group_access` VALUES (562, 8);
INSERT INTO `lc_auth_group_access` VALUES (563, 8);
INSERT INTO `lc_auth_group_access` VALUES (564, 8);
INSERT INTO `lc_auth_group_access` VALUES (565, 8);
INSERT INTO `lc_auth_group_access` VALUES (566, 8);
INSERT INTO `lc_auth_group_access` VALUES (567, 8);
INSERT INTO `lc_auth_group_access` VALUES (568, 8);
INSERT INTO `lc_auth_group_access` VALUES (569, 8);
INSERT INTO `lc_auth_group_access` VALUES (570, 8);
INSERT INTO `lc_auth_group_access` VALUES (571, 8);
INSERT INTO `lc_auth_group_access` VALUES (572, 8);
INSERT INTO `lc_auth_group_access` VALUES (573, 8);
INSERT INTO `lc_auth_group_access` VALUES (574, 8);
INSERT INTO `lc_auth_group_access` VALUES (575, 8);
INSERT INTO `lc_auth_group_access` VALUES (576, 8);
INSERT INTO `lc_auth_group_access` VALUES (577, 8);
INSERT INTO `lc_auth_group_access` VALUES (578, 8);
INSERT INTO `lc_auth_group_access` VALUES (579, 8);
INSERT INTO `lc_auth_group_access` VALUES (580, 8);
INSERT INTO `lc_auth_group_access` VALUES (581, 8);
INSERT INTO `lc_auth_group_access` VALUES (582, 8);
INSERT INTO `lc_auth_group_access` VALUES (583, 8);
INSERT INTO `lc_auth_group_access` VALUES (584, 8);
INSERT INTO `lc_auth_group_access` VALUES (585, 8);
INSERT INTO `lc_auth_group_access` VALUES (586, 8);
INSERT INTO `lc_auth_group_access` VALUES (587, 8);
INSERT INTO `lc_auth_group_access` VALUES (588, 8);
INSERT INTO `lc_auth_group_access` VALUES (589, 8);
INSERT INTO `lc_auth_group_access` VALUES (590, 8);
INSERT INTO `lc_auth_group_access` VALUES (591, 8);
INSERT INTO `lc_auth_group_access` VALUES (592, 8);
INSERT INTO `lc_auth_group_access` VALUES (593, 8);
INSERT INTO `lc_auth_group_access` VALUES (594, 8);
INSERT INTO `lc_auth_group_access` VALUES (595, 8);
INSERT INTO `lc_auth_group_access` VALUES (596, 8);
INSERT INTO `lc_auth_group_access` VALUES (597, 8);
INSERT INTO `lc_auth_group_access` VALUES (598, 8);
INSERT INTO `lc_auth_group_access` VALUES (599, 8);
INSERT INTO `lc_auth_group_access` VALUES (600, 8);
INSERT INTO `lc_auth_group_access` VALUES (601, 8);
INSERT INTO `lc_auth_group_access` VALUES (602, 8);
INSERT INTO `lc_auth_group_access` VALUES (603, 8);
INSERT INTO `lc_auth_group_access` VALUES (604, 8);
INSERT INTO `lc_auth_group_access` VALUES (605, 8);
INSERT INTO `lc_auth_group_access` VALUES (606, 8);
INSERT INTO `lc_auth_group_access` VALUES (607, 8);
INSERT INTO `lc_auth_group_access` VALUES (608, 8);
INSERT INTO `lc_auth_group_access` VALUES (609, 8);
INSERT INTO `lc_auth_group_access` VALUES (610, 8);
INSERT INTO `lc_auth_group_access` VALUES (611, 8);
INSERT INTO `lc_auth_group_access` VALUES (612, 8);
INSERT INTO `lc_auth_group_access` VALUES (613, 8);
INSERT INTO `lc_auth_group_access` VALUES (614, 8);
INSERT INTO `lc_auth_group_access` VALUES (615, 8);
INSERT INTO `lc_auth_group_access` VALUES (616, 8);
INSERT INTO `lc_auth_group_access` VALUES (617, 8);
INSERT INTO `lc_auth_group_access` VALUES (618, 8);
INSERT INTO `lc_auth_group_access` VALUES (619, 8);
INSERT INTO `lc_auth_group_access` VALUES (620, 8);
INSERT INTO `lc_auth_group_access` VALUES (621, 8);
INSERT INTO `lc_auth_group_access` VALUES (622, 8);
INSERT INTO `lc_auth_group_access` VALUES (623, 8);
INSERT INTO `lc_auth_group_access` VALUES (624, 8);
INSERT INTO `lc_auth_group_access` VALUES (625, 8);
INSERT INTO `lc_auth_group_access` VALUES (626, 8);
INSERT INTO `lc_auth_group_access` VALUES (627, 8);
INSERT INTO `lc_auth_group_access` VALUES (628, 8);
INSERT INTO `lc_auth_group_access` VALUES (629, 8);
INSERT INTO `lc_auth_group_access` VALUES (630, 8);
INSERT INTO `lc_auth_group_access` VALUES (631, 8);
INSERT INTO `lc_auth_group_access` VALUES (632, 8);
INSERT INTO `lc_auth_group_access` VALUES (633, 8);
INSERT INTO `lc_auth_group_access` VALUES (634, 8);
INSERT INTO `lc_auth_group_access` VALUES (635, 8);
INSERT INTO `lc_auth_group_access` VALUES (636, 8);
INSERT INTO `lc_auth_group_access` VALUES (637, 8);
INSERT INTO `lc_auth_group_access` VALUES (638, 8);
INSERT INTO `lc_auth_group_access` VALUES (639, 8);
INSERT INTO `lc_auth_group_access` VALUES (640, 8);
INSERT INTO `lc_auth_group_access` VALUES (641, 8);
INSERT INTO `lc_auth_group_access` VALUES (642, 8);
INSERT INTO `lc_auth_group_access` VALUES (643, 8);
INSERT INTO `lc_auth_group_access` VALUES (644, 8);
INSERT INTO `lc_auth_group_access` VALUES (645, 8);
INSERT INTO `lc_auth_group_access` VALUES (646, 8);
INSERT INTO `lc_auth_group_access` VALUES (647, 8);
INSERT INTO `lc_auth_group_access` VALUES (648, 8);
INSERT INTO `lc_auth_group_access` VALUES (649, 8);
INSERT INTO `lc_auth_group_access` VALUES (650, 8);
INSERT INTO `lc_auth_group_access` VALUES (651, 8);
INSERT INTO `lc_auth_group_access` VALUES (652, 8);
INSERT INTO `lc_auth_group_access` VALUES (653, 8);
INSERT INTO `lc_auth_group_access` VALUES (654, 8);
INSERT INTO `lc_auth_group_access` VALUES (655, 8);
INSERT INTO `lc_auth_group_access` VALUES (656, 8);
INSERT INTO `lc_auth_group_access` VALUES (657, 8);
INSERT INTO `lc_auth_group_access` VALUES (658, 8);
INSERT INTO `lc_auth_group_access` VALUES (659, 8);
INSERT INTO `lc_auth_group_access` VALUES (660, 8);
INSERT INTO `lc_auth_group_access` VALUES (661, 8);
INSERT INTO `lc_auth_group_access` VALUES (662, 8);
INSERT INTO `lc_auth_group_access` VALUES (663, 8);
INSERT INTO `lc_auth_group_access` VALUES (664, 8);
INSERT INTO `lc_auth_group_access` VALUES (665, 8);
INSERT INTO `lc_auth_group_access` VALUES (666, 8);
INSERT INTO `lc_auth_group_access` VALUES (667, 8);
INSERT INTO `lc_auth_group_access` VALUES (668, 8);
INSERT INTO `lc_auth_group_access` VALUES (669, 8);
INSERT INTO `lc_auth_group_access` VALUES (670, 8);
INSERT INTO `lc_auth_group_access` VALUES (671, 8);
INSERT INTO `lc_auth_group_access` VALUES (672, 8);
INSERT INTO `lc_auth_group_access` VALUES (673, 8);
INSERT INTO `lc_auth_group_access` VALUES (674, 8);
INSERT INTO `lc_auth_group_access` VALUES (675, 8);
INSERT INTO `lc_auth_group_access` VALUES (676, 8);
INSERT INTO `lc_auth_group_access` VALUES (677, 8);
INSERT INTO `lc_auth_group_access` VALUES (678, 8);
INSERT INTO `lc_auth_group_access` VALUES (679, 8);
INSERT INTO `lc_auth_group_access` VALUES (680, 8);
INSERT INTO `lc_auth_group_access` VALUES (681, 8);
INSERT INTO `lc_auth_group_access` VALUES (682, 8);
INSERT INTO `lc_auth_group_access` VALUES (683, 8);
INSERT INTO `lc_auth_group_access` VALUES (684, 8);
INSERT INTO `lc_auth_group_access` VALUES (685, 8);
INSERT INTO `lc_auth_group_access` VALUES (686, 8);
INSERT INTO `lc_auth_group_access` VALUES (688, 8);
INSERT INTO `lc_auth_group_access` VALUES (689, 8);
INSERT INTO `lc_auth_group_access` VALUES (690, 8);
INSERT INTO `lc_auth_group_access` VALUES (691, 8);
INSERT INTO `lc_auth_group_access` VALUES (692, 8);
INSERT INTO `lc_auth_group_access` VALUES (693, 8);
INSERT INTO `lc_auth_group_access` VALUES (694, 8);
INSERT INTO `lc_auth_group_access` VALUES (695, 8);
INSERT INTO `lc_auth_group_access` VALUES (696, 8);
INSERT INTO `lc_auth_group_access` VALUES (697, 8);
INSERT INTO `lc_auth_group_access` VALUES (698, 8);
INSERT INTO `lc_auth_group_access` VALUES (699, 8);
INSERT INTO `lc_auth_group_access` VALUES (700, 8);
INSERT INTO `lc_auth_group_access` VALUES (701, 8);
INSERT INTO `lc_auth_group_access` VALUES (702, 8);
INSERT INTO `lc_auth_group_access` VALUES (703, 8);
INSERT INTO `lc_auth_group_access` VALUES (704, 8);
INSERT INTO `lc_auth_group_access` VALUES (706, 8);
INSERT INTO `lc_auth_group_access` VALUES (707, 8);
INSERT INTO `lc_auth_group_access` VALUES (708, 8);
INSERT INTO `lc_auth_group_access` VALUES (709, 8);
INSERT INTO `lc_auth_group_access` VALUES (710, 8);
INSERT INTO `lc_auth_group_access` VALUES (711, 8);
INSERT INTO `lc_auth_group_access` VALUES (712, 8);
INSERT INTO `lc_auth_group_access` VALUES (713, 8);
INSERT INTO `lc_auth_group_access` VALUES (714, 8);
INSERT INTO `lc_auth_group_access` VALUES (715, 8);
INSERT INTO `lc_auth_group_access` VALUES (716, 8);
INSERT INTO `lc_auth_group_access` VALUES (717, 8);
INSERT INTO `lc_auth_group_access` VALUES (718, 8);
INSERT INTO `lc_auth_group_access` VALUES (719, 8);
INSERT INTO `lc_auth_group_access` VALUES (720, 8);
INSERT INTO `lc_auth_group_access` VALUES (721, 8);
INSERT INTO `lc_auth_group_access` VALUES (722, 8);
INSERT INTO `lc_auth_group_access` VALUES (723, 8);
INSERT INTO `lc_auth_group_access` VALUES (724, 8);
INSERT INTO `lc_auth_group_access` VALUES (725, 8);
INSERT INTO `lc_auth_group_access` VALUES (726, 8);
INSERT INTO `lc_auth_group_access` VALUES (727, 8);
INSERT INTO `lc_auth_group_access` VALUES (728, 8);
INSERT INTO `lc_auth_group_access` VALUES (729, 8);
INSERT INTO `lc_auth_group_access` VALUES (730, 8);
INSERT INTO `lc_auth_group_access` VALUES (731, 8);
INSERT INTO `lc_auth_group_access` VALUES (732, 8);
INSERT INTO `lc_auth_group_access` VALUES (733, 8);
INSERT INTO `lc_auth_group_access` VALUES (734, 8);
INSERT INTO `lc_auth_group_access` VALUES (735, 8);
INSERT INTO `lc_auth_group_access` VALUES (736, 8);
INSERT INTO `lc_auth_group_access` VALUES (737, 8);
INSERT INTO `lc_auth_group_access` VALUES (738, 8);
INSERT INTO `lc_auth_group_access` VALUES (739, 8);
INSERT INTO `lc_auth_group_access` VALUES (740, 8);
INSERT INTO `lc_auth_group_access` VALUES (741, 8);
INSERT INTO `lc_auth_group_access` VALUES (742, 8);
INSERT INTO `lc_auth_group_access` VALUES (743, 8);
INSERT INTO `lc_auth_group_access` VALUES (744, 8);
INSERT INTO `lc_auth_group_access` VALUES (745, 8);
INSERT INTO `lc_auth_group_access` VALUES (746, 8);
INSERT INTO `lc_auth_group_access` VALUES (747, 8);
INSERT INTO `lc_auth_group_access` VALUES (748, 8);
INSERT INTO `lc_auth_group_access` VALUES (749, 8);
INSERT INTO `lc_auth_group_access` VALUES (750, 8);
INSERT INTO `lc_auth_group_access` VALUES (751, 8);
INSERT INTO `lc_auth_group_access` VALUES (752, 8);
INSERT INTO `lc_auth_group_access` VALUES (753, 8);
INSERT INTO `lc_auth_group_access` VALUES (754, 8);
INSERT INTO `lc_auth_group_access` VALUES (755, 8);
INSERT INTO `lc_auth_group_access` VALUES (756, 8);
INSERT INTO `lc_auth_group_access` VALUES (757, 8);
INSERT INTO `lc_auth_group_access` VALUES (758, 8);
INSERT INTO `lc_auth_group_access` VALUES (759, 8);
INSERT INTO `lc_auth_group_access` VALUES (760, 8);
INSERT INTO `lc_auth_group_access` VALUES (761, 8);
INSERT INTO `lc_auth_group_access` VALUES (762, 8);
INSERT INTO `lc_auth_group_access` VALUES (763, 8);
INSERT INTO `lc_auth_group_access` VALUES (764, 8);
INSERT INTO `lc_auth_group_access` VALUES (765, 8);
INSERT INTO `lc_auth_group_access` VALUES (766, 8);
INSERT INTO `lc_auth_group_access` VALUES (767, 8);
INSERT INTO `lc_auth_group_access` VALUES (768, 8);
INSERT INTO `lc_auth_group_access` VALUES (769, 8);
INSERT INTO `lc_auth_group_access` VALUES (770, 8);
INSERT INTO `lc_auth_group_access` VALUES (771, 8);
INSERT INTO `lc_auth_group_access` VALUES (772, 8);
INSERT INTO `lc_auth_group_access` VALUES (773, 8);
INSERT INTO `lc_auth_group_access` VALUES (774, 8);
INSERT INTO `lc_auth_group_access` VALUES (775, 8);
INSERT INTO `lc_auth_group_access` VALUES (776, 8);
INSERT INTO `lc_auth_group_access` VALUES (777, 8);
INSERT INTO `lc_auth_group_access` VALUES (778, 8);
INSERT INTO `lc_auth_group_access` VALUES (779, 8);
INSERT INTO `lc_auth_group_access` VALUES (780, 8);
INSERT INTO `lc_auth_group_access` VALUES (781, 8);
INSERT INTO `lc_auth_group_access` VALUES (782, 8);
INSERT INTO `lc_auth_group_access` VALUES (783, 8);
INSERT INTO `lc_auth_group_access` VALUES (784, 8);
INSERT INTO `lc_auth_group_access` VALUES (785, 8);
INSERT INTO `lc_auth_group_access` VALUES (786, 8);
INSERT INTO `lc_auth_group_access` VALUES (787, 8);
INSERT INTO `lc_auth_group_access` VALUES (788, 8);
INSERT INTO `lc_auth_group_access` VALUES (789, 8);
INSERT INTO `lc_auth_group_access` VALUES (790, 8);
INSERT INTO `lc_auth_group_access` VALUES (791, 8);
INSERT INTO `lc_auth_group_access` VALUES (792, 8);
INSERT INTO `lc_auth_group_access` VALUES (793, 8);
INSERT INTO `lc_auth_group_access` VALUES (794, 8);
INSERT INTO `lc_auth_group_access` VALUES (795, 8);
INSERT INTO `lc_auth_group_access` VALUES (796, 8);
INSERT INTO `lc_auth_group_access` VALUES (797, 8);
INSERT INTO `lc_auth_group_access` VALUES (798, 8);
INSERT INTO `lc_auth_group_access` VALUES (799, 8);
INSERT INTO `lc_auth_group_access` VALUES (800, 8);
INSERT INTO `lc_auth_group_access` VALUES (801, 8);
INSERT INTO `lc_auth_group_access` VALUES (802, 8);
INSERT INTO `lc_auth_group_access` VALUES (803, 8);
INSERT INTO `lc_auth_group_access` VALUES (804, 8);
INSERT INTO `lc_auth_group_access` VALUES (805, 8);
INSERT INTO `lc_auth_group_access` VALUES (806, 8);
INSERT INTO `lc_auth_group_access` VALUES (807, 8);
INSERT INTO `lc_auth_group_access` VALUES (808, 8);
INSERT INTO `lc_auth_group_access` VALUES (809, 8);
INSERT INTO `lc_auth_group_access` VALUES (810, 8);
INSERT INTO `lc_auth_group_access` VALUES (811, 8);
INSERT INTO `lc_auth_group_access` VALUES (812, 8);
INSERT INTO `lc_auth_group_access` VALUES (813, 8);
INSERT INTO `lc_auth_group_access` VALUES (814, 8);
INSERT INTO `lc_auth_group_access` VALUES (815, 8);
INSERT INTO `lc_auth_group_access` VALUES (816, 8);
INSERT INTO `lc_auth_group_access` VALUES (817, 8);
INSERT INTO `lc_auth_group_access` VALUES (818, 8);
INSERT INTO `lc_auth_group_access` VALUES (819, 8);
INSERT INTO `lc_auth_group_access` VALUES (820, 8);
INSERT INTO `lc_auth_group_access` VALUES (821, 8);
INSERT INTO `lc_auth_group_access` VALUES (822, 8);
INSERT INTO `lc_auth_group_access` VALUES (823, 8);
INSERT INTO `lc_auth_group_access` VALUES (824, 8);
INSERT INTO `lc_auth_group_access` VALUES (825, 8);
INSERT INTO `lc_auth_group_access` VALUES (826, 8);
INSERT INTO `lc_auth_group_access` VALUES (827, 8);
INSERT INTO `lc_auth_group_access` VALUES (828, 8);
INSERT INTO `lc_auth_group_access` VALUES (829, 8);
INSERT INTO `lc_auth_group_access` VALUES (830, 8);
INSERT INTO `lc_auth_group_access` VALUES (831, 8);
INSERT INTO `lc_auth_group_access` VALUES (832, 8);
INSERT INTO `lc_auth_group_access` VALUES (833, 8);
INSERT INTO `lc_auth_group_access` VALUES (834, 8);
INSERT INTO `lc_auth_group_access` VALUES (835, 8);
INSERT INTO `lc_auth_group_access` VALUES (836, 8);
INSERT INTO `lc_auth_group_access` VALUES (837, 8);
INSERT INTO `lc_auth_group_access` VALUES (838, 8);
INSERT INTO `lc_auth_group_access` VALUES (839, 8);
INSERT INTO `lc_auth_group_access` VALUES (840, 8);
INSERT INTO `lc_auth_group_access` VALUES (841, 8);
INSERT INTO `lc_auth_group_access` VALUES (842, 8);
INSERT INTO `lc_auth_group_access` VALUES (843, 8);
INSERT INTO `lc_auth_group_access` VALUES (844, 8);
INSERT INTO `lc_auth_group_access` VALUES (845, 8);
INSERT INTO `lc_auth_group_access` VALUES (846, 8);
INSERT INTO `lc_auth_group_access` VALUES (847, 8);
INSERT INTO `lc_auth_group_access` VALUES (848, 8);
INSERT INTO `lc_auth_group_access` VALUES (849, 8);
INSERT INTO `lc_auth_group_access` VALUES (850, 8);
INSERT INTO `lc_auth_group_access` VALUES (851, 8);
INSERT INTO `lc_auth_group_access` VALUES (852, 8);
INSERT INTO `lc_auth_group_access` VALUES (853, 8);
INSERT INTO `lc_auth_group_access` VALUES (854, 8);
INSERT INTO `lc_auth_group_access` VALUES (855, 8);
INSERT INTO `lc_auth_group_access` VALUES (856, 8);
INSERT INTO `lc_auth_group_access` VALUES (857, 8);
INSERT INTO `lc_auth_group_access` VALUES (858, 8);
INSERT INTO `lc_auth_group_access` VALUES (859, 8);
INSERT INTO `lc_auth_group_access` VALUES (860, 8);
INSERT INTO `lc_auth_group_access` VALUES (861, 8);
INSERT INTO `lc_auth_group_access` VALUES (862, 8);
INSERT INTO `lc_auth_group_access` VALUES (863, 8);
INSERT INTO `lc_auth_group_access` VALUES (864, 8);
INSERT INTO `lc_auth_group_access` VALUES (865, 8);
INSERT INTO `lc_auth_group_access` VALUES (866, 8);
INSERT INTO `lc_auth_group_access` VALUES (867, 8);
INSERT INTO `lc_auth_group_access` VALUES (868, 8);
INSERT INTO `lc_auth_group_access` VALUES (869, 8);
INSERT INTO `lc_auth_group_access` VALUES (870, 8);
INSERT INTO `lc_auth_group_access` VALUES (871, 8);
INSERT INTO `lc_auth_group_access` VALUES (872, 8);
INSERT INTO `lc_auth_group_access` VALUES (873, 8);
INSERT INTO `lc_auth_group_access` VALUES (874, 8);
INSERT INTO `lc_auth_group_access` VALUES (875, 8);
INSERT INTO `lc_auth_group_access` VALUES (876, 8);
INSERT INTO `lc_auth_group_access` VALUES (877, 8);
INSERT INTO `lc_auth_group_access` VALUES (878, 8);
INSERT INTO `lc_auth_group_access` VALUES (879, 8);
INSERT INTO `lc_auth_group_access` VALUES (880, 8);
INSERT INTO `lc_auth_group_access` VALUES (881, 8);
INSERT INTO `lc_auth_group_access` VALUES (882, 8);
INSERT INTO `lc_auth_group_access` VALUES (883, 8);
INSERT INTO `lc_auth_group_access` VALUES (884, 8);
INSERT INTO `lc_auth_group_access` VALUES (885, 8);
INSERT INTO `lc_auth_group_access` VALUES (886, 8);
INSERT INTO `lc_auth_group_access` VALUES (887, 8);
INSERT INTO `lc_auth_group_access` VALUES (888, 8);
INSERT INTO `lc_auth_group_access` VALUES (889, 8);
INSERT INTO `lc_auth_group_access` VALUES (890, 8);
INSERT INTO `lc_auth_group_access` VALUES (891, 8);
INSERT INTO `lc_auth_group_access` VALUES (892, 8);
INSERT INTO `lc_auth_group_access` VALUES (893, 8);
INSERT INTO `lc_auth_group_access` VALUES (894, 8);
INSERT INTO `lc_auth_group_access` VALUES (895, 8);
INSERT INTO `lc_auth_group_access` VALUES (896, 8);
INSERT INTO `lc_auth_group_access` VALUES (897, 8);
INSERT INTO `lc_auth_group_access` VALUES (898, 8);
INSERT INTO `lc_auth_group_access` VALUES (899, 8);
INSERT INTO `lc_auth_group_access` VALUES (900, 8);
INSERT INTO `lc_auth_group_access` VALUES (901, 8);
INSERT INTO `lc_auth_group_access` VALUES (902, 8);
INSERT INTO `lc_auth_group_access` VALUES (903, 8);
INSERT INTO `lc_auth_group_access` VALUES (904, 8);
INSERT INTO `lc_auth_group_access` VALUES (905, 8);
INSERT INTO `lc_auth_group_access` VALUES (906, 8);
INSERT INTO `lc_auth_group_access` VALUES (907, 8);
INSERT INTO `lc_auth_group_access` VALUES (908, 8);
INSERT INTO `lc_auth_group_access` VALUES (909, 8);
INSERT INTO `lc_auth_group_access` VALUES (910, 8);
INSERT INTO `lc_auth_group_access` VALUES (911, 8);
INSERT INTO `lc_auth_group_access` VALUES (912, 8);
INSERT INTO `lc_auth_group_access` VALUES (913, 8);
INSERT INTO `lc_auth_group_access` VALUES (914, 8);
INSERT INTO `lc_auth_group_access` VALUES (915, 8);
INSERT INTO `lc_auth_group_access` VALUES (916, 8);
INSERT INTO `lc_auth_group_access` VALUES (917, 8);
INSERT INTO `lc_auth_group_access` VALUES (918, 8);
INSERT INTO `lc_auth_group_access` VALUES (919, 8);
INSERT INTO `lc_auth_group_access` VALUES (920, 8);
INSERT INTO `lc_auth_group_access` VALUES (921, 8);
INSERT INTO `lc_auth_group_access` VALUES (922, 8);
INSERT INTO `lc_auth_group_access` VALUES (923, 8);
INSERT INTO `lc_auth_group_access` VALUES (924, 8);
INSERT INTO `lc_auth_group_access` VALUES (925, 8);
INSERT INTO `lc_auth_group_access` VALUES (926, 8);
INSERT INTO `lc_auth_group_access` VALUES (927, 8);
INSERT INTO `lc_auth_group_access` VALUES (928, 8);
INSERT INTO `lc_auth_group_access` VALUES (929, 8);
INSERT INTO `lc_auth_group_access` VALUES (930, 8);
INSERT INTO `lc_auth_group_access` VALUES (931, 8);
INSERT INTO `lc_auth_group_access` VALUES (932, 8);
INSERT INTO `lc_auth_group_access` VALUES (933, 8);
INSERT INTO `lc_auth_group_access` VALUES (934, 8);
INSERT INTO `lc_auth_group_access` VALUES (935, 8);
INSERT INTO `lc_auth_group_access` VALUES (936, 8);
INSERT INTO `lc_auth_group_access` VALUES (937, 8);
INSERT INTO `lc_auth_group_access` VALUES (938, 8);
INSERT INTO `lc_auth_group_access` VALUES (939, 8);
INSERT INTO `lc_auth_group_access` VALUES (940, 8);
INSERT INTO `lc_auth_group_access` VALUES (941, 8);
INSERT INTO `lc_auth_group_access` VALUES (942, 8);
INSERT INTO `lc_auth_group_access` VALUES (943, 8);
INSERT INTO `lc_auth_group_access` VALUES (944, 8);
INSERT INTO `lc_auth_group_access` VALUES (945, 8);
INSERT INTO `lc_auth_group_access` VALUES (946, 8);
INSERT INTO `lc_auth_group_access` VALUES (947, 8);
INSERT INTO `lc_auth_group_access` VALUES (948, 8);
INSERT INTO `lc_auth_group_access` VALUES (949, 8);
INSERT INTO `lc_auth_group_access` VALUES (950, 8);
INSERT INTO `lc_auth_group_access` VALUES (951, 8);
INSERT INTO `lc_auth_group_access` VALUES (952, 8);
INSERT INTO `lc_auth_group_access` VALUES (953, 8);
INSERT INTO `lc_auth_group_access` VALUES (954, 8);
INSERT INTO `lc_auth_group_access` VALUES (955, 8);
INSERT INTO `lc_auth_group_access` VALUES (956, 8);
INSERT INTO `lc_auth_group_access` VALUES (957, 8);
INSERT INTO `lc_auth_group_access` VALUES (958, 8);
INSERT INTO `lc_auth_group_access` VALUES (959, 8);
INSERT INTO `lc_auth_group_access` VALUES (960, 8);
INSERT INTO `lc_auth_group_access` VALUES (961, 8);
INSERT INTO `lc_auth_group_access` VALUES (962, 8);
INSERT INTO `lc_auth_group_access` VALUES (963, 8);
INSERT INTO `lc_auth_group_access` VALUES (964, 8);
INSERT INTO `lc_auth_group_access` VALUES (965, 8);
INSERT INTO `lc_auth_group_access` VALUES (966, 8);
INSERT INTO `lc_auth_group_access` VALUES (967, 8);
INSERT INTO `lc_auth_group_access` VALUES (968, 8);
INSERT INTO `lc_auth_group_access` VALUES (969, 8);
INSERT INTO `lc_auth_group_access` VALUES (970, 8);
INSERT INTO `lc_auth_group_access` VALUES (971, 8);
INSERT INTO `lc_auth_group_access` VALUES (972, 8);
INSERT INTO `lc_auth_group_access` VALUES (973, 8);
INSERT INTO `lc_auth_group_access` VALUES (974, 8);
INSERT INTO `lc_auth_group_access` VALUES (975, 8);
INSERT INTO `lc_auth_group_access` VALUES (976, 8);
INSERT INTO `lc_auth_group_access` VALUES (977, 8);
INSERT INTO `lc_auth_group_access` VALUES (978, 8);
INSERT INTO `lc_auth_group_access` VALUES (979, 8);
INSERT INTO `lc_auth_group_access` VALUES (980, 8);
INSERT INTO `lc_auth_group_access` VALUES (981, 8);
INSERT INTO `lc_auth_group_access` VALUES (982, 8);
INSERT INTO `lc_auth_group_access` VALUES (983, 8);
INSERT INTO `lc_auth_group_access` VALUES (984, 8);
INSERT INTO `lc_auth_group_access` VALUES (985, 8);
INSERT INTO `lc_auth_group_access` VALUES (986, 8);
INSERT INTO `lc_auth_group_access` VALUES (987, 8);
INSERT INTO `lc_auth_group_access` VALUES (988, 8);
INSERT INTO `lc_auth_group_access` VALUES (989, 8);
INSERT INTO `lc_auth_group_access` VALUES (990, 8);
INSERT INTO `lc_auth_group_access` VALUES (991, 8);
INSERT INTO `lc_auth_group_access` VALUES (992, 8);
INSERT INTO `lc_auth_group_access` VALUES (993, 8);
INSERT INTO `lc_auth_group_access` VALUES (994, 8);
INSERT INTO `lc_auth_group_access` VALUES (995, 8);
INSERT INTO `lc_auth_group_access` VALUES (996, 8);
INSERT INTO `lc_auth_group_access` VALUES (997, 8);
INSERT INTO `lc_auth_group_access` VALUES (998, 8);
INSERT INTO `lc_auth_group_access` VALUES (999, 8);
INSERT INTO `lc_auth_group_access` VALUES (1000, 8);
INSERT INTO `lc_auth_group_access` VALUES (1001, 8);
INSERT INTO `lc_auth_group_access` VALUES (1002, 8);
INSERT INTO `lc_auth_group_access` VALUES (1003, 8);
INSERT INTO `lc_auth_group_access` VALUES (1004, 8);
INSERT INTO `lc_auth_group_access` VALUES (1005, 8);
INSERT INTO `lc_auth_group_access` VALUES (1006, 8);
INSERT INTO `lc_auth_group_access` VALUES (1007, 8);
INSERT INTO `lc_auth_group_access` VALUES (1008, 8);
INSERT INTO `lc_auth_group_access` VALUES (1009, 8);
INSERT INTO `lc_auth_group_access` VALUES (1010, 8);
INSERT INTO `lc_auth_group_access` VALUES (1011, 8);
INSERT INTO `lc_auth_group_access` VALUES (1012, 8);
INSERT INTO `lc_auth_group_access` VALUES (1013, 8);
INSERT INTO `lc_auth_group_access` VALUES (1014, 8);
INSERT INTO `lc_auth_group_access` VALUES (1015, 8);
INSERT INTO `lc_auth_group_access` VALUES (1016, 8);
INSERT INTO `lc_auth_group_access` VALUES (1017, 8);
INSERT INTO `lc_auth_group_access` VALUES (1018, 8);
INSERT INTO `lc_auth_group_access` VALUES (1019, 8);
INSERT INTO `lc_auth_group_access` VALUES (1020, 8);
INSERT INTO `lc_auth_group_access` VALUES (1021, 8);
INSERT INTO `lc_auth_group_access` VALUES (1022, 8);
INSERT INTO `lc_auth_group_access` VALUES (1023, 8);
INSERT INTO `lc_auth_group_access` VALUES (1024, 8);
INSERT INTO `lc_auth_group_access` VALUES (1025, 8);
INSERT INTO `lc_auth_group_access` VALUES (1026, 8);
INSERT INTO `lc_auth_group_access` VALUES (1027, 8);
INSERT INTO `lc_auth_group_access` VALUES (1028, 8);
INSERT INTO `lc_auth_group_access` VALUES (1029, 8);
INSERT INTO `lc_auth_group_access` VALUES (1030, 8);
INSERT INTO `lc_auth_group_access` VALUES (1031, 8);
INSERT INTO `lc_auth_group_access` VALUES (1032, 8);
INSERT INTO `lc_auth_group_access` VALUES (1033, 8);
INSERT INTO `lc_auth_group_access` VALUES (1034, 8);
INSERT INTO `lc_auth_group_access` VALUES (1035, 8);
INSERT INTO `lc_auth_group_access` VALUES (1036, 8);
INSERT INTO `lc_auth_group_access` VALUES (1037, 8);
INSERT INTO `lc_auth_group_access` VALUES (1038, 8);
INSERT INTO `lc_auth_group_access` VALUES (1039, 8);

-- ----------------------------
-- Table structure for lc_code
-- ----------------------------
DROP TABLE IF EXISTS `lc_code`;
CREATE TABLE `lc_code`  (
  `id` int(10) UNSIGNED NOT NULL AUTO_INCREMENT,
  `uid` int(10) UNSIGNED NOT NULL DEFAULT 0 COMMENT '用户编号',
  `code` char(6) CHARACTER SET utf8 COLLATE utf8_general_ci NOT NULL COMMENT '唯一邀请码',
  `status` tinyint(1) UNSIGNED NOT NULL DEFAULT 0 COMMENT '状态（1已使用，0未使用）',
  `update_date` datetime NOT NULL COMMENT '更新时间',
  PRIMARY KEY (`id`) USING BTREE
) ENGINE = MyISAM AUTO_INCREMENT = 306 CHARACTER SET = utf8 COLLATE = utf8_general_ci ROW_FORMAT = Fixed;

-- ----------------------------
-- Records of lc_code
-- ----------------------------
INSERT INTO `lc_code` VALUES (6, 93, 'uz1qu8', 1, '2017-02-01 19:15:43');
INSERT INTO `lc_code` VALUES (7, 2, 'ra6gqe', 1, '2017-02-02 10:25:09');
INSERT INTO `lc_code` VALUES (8, 1300, 'hv002p', 1, '2017-02-02 11:06:20');
INSERT INTO `lc_code` VALUES (9, 1, 'vk9lwf', 1, '2017-02-02 13:29:19');
INSERT INTO `lc_code` VALUES (10, 1304, 'hkyvad', 1, '2017-02-02 13:58:59');
INSERT INTO `lc_code` VALUES (11, 1305, '14d3u8', 1, '2017-02-03 18:21:24');
INSERT INTO `lc_code` VALUES (12, 1306, 'blih28', 1, '2017-02-04 18:03:02');
INSERT INTO `lc_code` VALUES (13, 1307, 'wj4xk7', 1, '2017-02-05 14:21:54');
INSERT INTO `lc_code` VALUES (14, 1308, 'nfsx0o', 1, '2017-02-06 09:55:34');
INSERT INTO `lc_code` VALUES (15, 1309, 'ch8bci', 1, '2017-02-06 09:56:19');
INSERT INTO `lc_code` VALUES (16, 1310, 'pem3ih', 1, '2017-02-06 10:13:34');
INSERT INTO `lc_code` VALUES (17, 69, 'bt2tb5', 1, '2017-02-06 10:29:21');
INSERT INTO `lc_code` VALUES (18, 1311, '28o669', 1, '2017-02-06 11:28:19');
INSERT INTO `lc_code` VALUES (19, 1312, 'dup5rq', 1, '2017-02-06 11:36:48');
INSERT INTO `lc_code` VALUES (20, 40, 'u473gk', 1, '2017-02-06 12:29:07');
INSERT INTO `lc_code` VALUES (21, 1313, 'm5z88h', 1, '2017-02-06 14:26:00');
INSERT INTO `lc_code` VALUES (22, 295, 'qkbsen', 1, '2017-02-06 14:53:49');
INSERT INTO `lc_code` VALUES (23, 1314, 'ygwnn3', 1, '2017-02-06 15:41:47');
INSERT INTO `lc_code` VALUES (24, 1315, 'w0xl6p', 1, '2017-02-06 16:35:40');
INSERT INTO `lc_code` VALUES (25, 1317, 'b0uj4a', 1, '2017-02-06 18:38:49');
INSERT INTO `lc_code` VALUES (26, 1316, '4qf4zo', 1, '2017-02-06 18:50:29');
INSERT INTO `lc_code` VALUES (27, 1318, 'mp8yim', 1, '2017-02-06 20:00:55');
INSERT INTO `lc_code` VALUES (28, 1319, 'lg3i3q', 1, '2017-02-06 23:38:28');
INSERT INTO `lc_code` VALUES (29, 489, 'm0rjlx', 1, '2017-02-07 09:51:26');
INSERT INTO `lc_code` VALUES (30, 10, '9xy3h3', 1, '2017-02-07 11:19:21');
INSERT INTO `lc_code` VALUES (31, 1278, 'dlttps', 1, '2017-02-07 11:45:23');
INSERT INTO `lc_code` VALUES (32, 1320, 'ibir91', 1, '2017-02-07 13:03:46');
INSERT INTO `lc_code` VALUES (33, 1321, 'evhhel', 1, '2017-02-07 23:50:50');
INSERT INTO `lc_code` VALUES (34, 1323, '80lzj7', 1, '2017-02-08 15:05:12');
INSERT INTO `lc_code` VALUES (35, 1329, 'xt4vwm', 1, '2017-02-08 23:34:21');
INSERT INTO `lc_code` VALUES (36, 1330, 'ya7s3x', 1, '2017-02-09 00:36:10');
INSERT INTO `lc_code` VALUES (37, 1331, 'lm83di', 1, '2017-02-09 10:22:49');
INSERT INTO `lc_code` VALUES (38, 1332, '4rem9s', 1, '2017-02-09 10:48:00');
INSERT INTO `lc_code` VALUES (39, 136, '8hstgc', 1, '2017-02-09 10:56:20');
INSERT INTO `lc_code` VALUES (40, 1333, '1d5592', 1, '2017-02-09 11:40:37');
INSERT INTO `lc_code` VALUES (41, 13, 'r7cz0g', 1, '2017-02-09 11:43:09');
INSERT INTO `lc_code` VALUES (42, 1334, 'wl25pg', 1, '2017-02-09 12:01:14');
INSERT INTO `lc_code` VALUES (43, 1336, 'nu71gg', 1, '2017-02-09 14:06:12');
INSERT INTO `lc_code` VALUES (44, 1337, 'uoxmie', 1, '2017-02-09 14:27:39');
INSERT INTO `lc_code` VALUES (45, 211, 'zjr5p0', 1, '2017-02-09 15:16:57');
INSERT INTO `lc_code` VALUES (46, 1338, '7h8jg9', 1, '2017-02-09 16:44:54');
INSERT INTO `lc_code` VALUES (47, 35, '0du3ik', 1, '2017-02-09 19:11:18');
INSERT INTO `lc_code` VALUES (48, 41, 'j6er8v', 1, '2017-02-09 21:11:25');
INSERT INTO `lc_code` VALUES (49, 1301, '82k6p2', 1, '2017-02-09 21:13:07');
INSERT INTO `lc_code` VALUES (50, 118, 'kpmcub', 1, '2017-02-09 21:42:35');
INSERT INTO `lc_code` VALUES (51, 1339, 'c1tlla', 1, '2017-02-09 22:51:17');
INSERT INTO `lc_code` VALUES (52, 1340, 'ulnpp6', 1, '2017-02-10 09:35:25');
INSERT INTO `lc_code` VALUES (53, 1342, '98dnzm', 1, '2017-02-10 12:22:00');
INSERT INTO `lc_code` VALUES (54, 149, 'j7p3ee', 1, '2017-02-10 16:47:05');
INSERT INTO `lc_code` VALUES (55, 1344, '6y4say', 1, '2017-02-11 21:55:08');
INSERT INTO `lc_code` VALUES (56, 112, '4nzx9l', 1, '2017-02-13 09:35:48');
INSERT INTO `lc_code` VALUES (57, 1345, '837wtw', 1, '2017-02-13 10:26:32');
INSERT INTO `lc_code` VALUES (58, 1346, '224gq4', 1, '2017-02-13 10:30:49');
INSERT INTO `lc_code` VALUES (59, 1347, '29crdq', 1, '2017-02-13 11:30:35');
INSERT INTO `lc_code` VALUES (60, 1348, '6joacz', 1, '2017-02-13 11:50:06');
INSERT INTO `lc_code` VALUES (61, 1349, '8hn8fw', 1, '2017-02-13 12:28:37');
INSERT INTO `lc_code` VALUES (62, 12, 'un01jt', 1, '2017-02-13 13:33:28');
INSERT INTO `lc_code` VALUES (63, 1350, 'xmw22n', 1, '2017-02-13 14:48:38');
INSERT INTO `lc_code` VALUES (64, 1351, '75xjwa', 1, '2017-02-13 16:09:53');
INSERT INTO `lc_code` VALUES (65, 1352, 'a3uzd6', 1, '2017-02-13 17:07:00');
INSERT INTO `lc_code` VALUES (66, 1353, 'ymnlv2', 1, '2017-02-13 17:08:53');
INSERT INTO `lc_code` VALUES (67, 1354, 'iqqir9', 1, '2017-02-13 17:36:22');
INSERT INTO `lc_code` VALUES (68, 1357, 'cpv8sy', 1, '2017-02-13 22:10:23');
INSERT INTO `lc_code` VALUES (69, 1360, 'vz3sj0', 1, '2017-02-14 15:09:14');
INSERT INTO `lc_code` VALUES (70, 758, '3t3xsh', 1, '2017-02-14 15:14:43');
INSERT INTO `lc_code` VALUES (71, 1361, '4q3scz', 1, '2017-02-14 19:13:35');
INSERT INTO `lc_code` VALUES (72, 1362, 'vvpldh', 1, '2017-02-14 21:35:03');
INSERT INTO `lc_code` VALUES (73, 1363, 'vq7qyz', 1, '2017-02-15 14:32:12');
INSERT INTO `lc_code` VALUES (74, 1364, 'puztni', 1, '2017-02-15 21:39:47');
INSERT INTO `lc_code` VALUES (75, 1365, 'trbwp3', 1, '2017-02-15 21:42:37');
INSERT INTO `lc_code` VALUES (76, 1366, 'etuim7', 1, '2017-02-16 09:58:36');
INSERT INTO `lc_code` VALUES (77, 1367, 'hh273g', 1, '2017-02-16 14:16:41');
INSERT INTO `lc_code` VALUES (78, 1368, 'py6wp5', 1, '2017-02-16 17:54:07');
INSERT INTO `lc_code` VALUES (79, 1371, 'we0v8n', 1, '2017-02-16 21:34:58');
INSERT INTO `lc_code` VALUES (80, 1372, 'e1fqy4', 1, '2017-02-16 21:45:58');
INSERT INTO `lc_code` VALUES (81, 1297, 'ucyouk', 1, '2017-02-16 22:06:27');
INSERT INTO `lc_code` VALUES (82, 1373, 'wc2zk5', 1, '2017-02-16 22:06:55');
INSERT INTO `lc_code` VALUES (83, 1031, 'f93l6t', 1, '2017-02-17 09:51:16');
INSERT INTO `lc_code` VALUES (84, 1374, 'r28ryg', 1, '2017-02-17 11:02:58');
INSERT INTO `lc_code` VALUES (85, 1375, 'edht3g', 1, '2017-02-17 15:02:18');
INSERT INTO `lc_code` VALUES (86, 1378, 'yxtwmo', 1, '2017-02-18 08:52:15');
INSERT INTO `lc_code` VALUES (87, 1380, 'gi0ihl', 1, '2017-02-20 09:15:22');
INSERT INTO `lc_code` VALUES (88, 1381, 'oxvrj1', 1, '2017-02-20 14:00:22');
INSERT INTO `lc_code` VALUES (89, 1382, 'la4t12', 1, '2017-02-20 17:35:21');
INSERT INTO `lc_code` VALUES (90, 1383, '9gfraj', 1, '2017-02-20 20:21:26');
INSERT INTO `lc_code` VALUES (91, 1384, '78g142', 1, '2017-02-20 21:47:08');
INSERT INTO `lc_code` VALUES (92, 1385, 'pklq33', 1, '2017-02-21 15:00:16');
INSERT INTO `lc_code` VALUES (93, 1391, 'br06jj', 1, '2017-02-22 12:08:26');
INSERT INTO `lc_code` VALUES (94, 1392, '74ucxv', 1, '2017-02-22 12:53:27');
INSERT INTO `lc_code` VALUES (95, 1393, 'e7buyl', 1, '2017-02-22 16:01:26');
INSERT INTO `lc_code` VALUES (96, 1394, 'e6tu7y', 1, '2017-02-22 22:01:26');
INSERT INTO `lc_code` VALUES (97, 1396, 'xwijmm', 1, '2017-02-22 22:57:57');
INSERT INTO `lc_code` VALUES (98, 1398, 'nydn5w', 1, '2017-02-23 15:23:01');
INSERT INTO `lc_code` VALUES (99, 1399, '7d11py', 1, '2017-02-23 22:10:53');
INSERT INTO `lc_code` VALUES (100, 1402, 'x459y4', 1, '2017-02-24 14:46:34');
INSERT INTO `lc_code` VALUES (101, 1403, 'ucao7i', 1, '2017-02-27 10:35:01');
INSERT INTO `lc_code` VALUES (102, 1404, 'm5f5o1', 1, '2017-02-27 19:56:31');
INSERT INTO `lc_code` VALUES (103, 1405, 'rb04z5', 1, '2017-02-27 23:07:29');
INSERT INTO `lc_code` VALUES (104, 1406, '17i297', 1, '2017-02-28 09:41:15');
INSERT INTO `lc_code` VALUES (105, 1410, '16b7fa', 1, '2017-03-01 11:58:09');
INSERT INTO `lc_code` VALUES (106, 1411, 'banmzv', 1, '2017-03-01 15:54:05');
INSERT INTO `lc_code` VALUES (107, 1413, '5m0krp', 1, '2017-03-02 09:06:54');
INSERT INTO `lc_code` VALUES (108, 1414, 'mj0mn0', 1, '2017-03-02 10:29:41');
INSERT INTO `lc_code` VALUES (109, 1415, 'sp7arh', 1, '2017-03-02 18:08:47');
INSERT INTO `lc_code` VALUES (110, 1416, 'itou04', 1, '2017-03-02 18:08:55');
INSERT INTO `lc_code` VALUES (111, 1417, '5cesye', 1, '2017-03-02 18:13:33');
INSERT INTO `lc_code` VALUES (112, 1418, 'o30onr', 1, '2017-03-03 00:13:33');
INSERT INTO `lc_code` VALUES (113, 1419, 'daaewy', 1, '2017-03-03 10:21:17');
INSERT INTO `lc_code` VALUES (114, 1420, 'foonzg', 1, '2017-03-03 22:29:51');
INSERT INTO `lc_code` VALUES (115, 1421, '4i9sc9', 1, '2017-03-04 09:29:08');
INSERT INTO `lc_code` VALUES (116, 1422, 'whlbak', 1, '2017-03-04 10:31:41');
INSERT INTO `lc_code` VALUES (117, 1423, 'pyopmc', 1, '2017-03-04 10:46:24');
INSERT INTO `lc_code` VALUES (118, 1424, 'h0msfj', 1, '2017-03-06 08:32:09');
INSERT INTO `lc_code` VALUES (119, 1425, 'rv7fi7', 1, '2017-03-06 11:25:00');
INSERT INTO `lc_code` VALUES (120, 1426, 'vmp4f1', 1, '2017-03-06 19:59:29');
INSERT INTO `lc_code` VALUES (121, 1070, 'ecj0nt', 1, '2017-03-07 09:29:33');
INSERT INTO `lc_code` VALUES (122, 28, 'kcr82e', 1, '2017-03-08 00:53:22');
INSERT INTO `lc_code` VALUES (123, 1428, 'kkf7cv', 1, '2017-03-08 12:27:43');
INSERT INTO `lc_code` VALUES (124, 1429, 'q3qyi8', 1, '2017-03-08 13:14:38');
INSERT INTO `lc_code` VALUES (125, 1430, '5evvja', 1, '2017-03-08 14:32:43');
INSERT INTO `lc_code` VALUES (126, 1431, 'xxmgxa', 1, '2017-03-08 15:27:02');
INSERT INTO `lc_code` VALUES (127, 1435, 'ain1rp', 1, '2017-03-09 08:56:50');
INSERT INTO `lc_code` VALUES (128, 1436, 'gc9wjm', 1, '2017-03-09 10:24:50');
INSERT INTO `lc_code` VALUES (129, 1437, 'r9ph78', 1, '2017-03-09 13:51:54');
INSERT INTO `lc_code` VALUES (130, 1439, 'qdnm96', 1, '2017-03-09 20:12:45');
INSERT INTO `lc_code` VALUES (131, 1440, 'x64km2', 1, '2017-03-09 21:21:43');
INSERT INTO `lc_code` VALUES (132, 1441, 'uxkhzb', 1, '2017-03-10 10:30:29');
INSERT INTO `lc_code` VALUES (133, 879, '7fngb7', 1, '2017-03-10 11:02:05');
INSERT INTO `lc_code` VALUES (134, 1442, '33gslo', 1, '2017-03-10 11:03:00');
INSERT INTO `lc_code` VALUES (135, 1443, '1c2oyb', 1, '2017-03-10 14:31:41');
INSERT INTO `lc_code` VALUES (136, 1444, 'vvhzf4', 1, '2017-03-10 16:53:01');
INSERT INTO `lc_code` VALUES (137, 1445, '1a1lr1', 1, '2017-03-10 21:05:25');
INSERT INTO `lc_code` VALUES (138, 1447, 'xyglfs', 1, '2017-03-11 09:43:28');
INSERT INTO `lc_code` VALUES (139, 1448, 'siw9bh', 1, '2017-03-11 21:27:14');
INSERT INTO `lc_code` VALUES (140, 1450, 'xdu01s', 1, '2017-03-12 21:52:37');
INSERT INTO `lc_code` VALUES (141, 1452, 'bxotw4', 1, '2017-03-13 11:56:23');
INSERT INTO `lc_code` VALUES (142, 1453, 'yxe0j6', 1, '2017-03-13 12:21:19');
INSERT INTO `lc_code` VALUES (143, 1454, '1g5i2k', 1, '2017-03-13 12:25:40');
INSERT INTO `lc_code` VALUES (144, 1455, 'bu373f', 1, '2017-03-13 12:57:58');
INSERT INTO `lc_code` VALUES (145, 1456, 'p1sj1u', 1, '2017-03-13 17:49:45');
INSERT INTO `lc_code` VALUES (146, 1457, 'cdr07n', 1, '2017-03-14 11:33:16');
INSERT INTO `lc_code` VALUES (147, 1459, '46lj64', 1, '2017-03-14 12:59:20');
INSERT INTO `lc_code` VALUES (148, 1478, 'p8luqn', 1, '2017-03-14 23:18:51');
INSERT INTO `lc_code` VALUES (149, 1482, 'f2ij9m', 1, '2017-03-15 11:51:15');
INSERT INTO `lc_code` VALUES (150, 1483, 'yynrip', 1, '2017-03-15 16:43:54');
INSERT INTO `lc_code` VALUES (151, 1484, 'lu3dva', 1, '2017-03-15 19:42:05');
INSERT INTO `lc_code` VALUES (152, 1485, '10gmjn', 1, '2017-03-16 18:16:47');
INSERT INTO `lc_code` VALUES (153, 1486, 'r8wd3n', 1, '2017-03-17 00:30:17');
INSERT INTO `lc_code` VALUES (154, 1487, '1ipj2y', 1, '2017-03-19 11:57:36');
INSERT INTO `lc_code` VALUES (155, 1489, '50xtsf', 1, '2017-03-20 18:52:49');
INSERT INTO `lc_code` VALUES (156, 1490, 'idalr5', 1, '2017-03-21 10:46:25');
INSERT INTO `lc_code` VALUES (157, 1491, 'ws5dep', 1, '2017-03-22 13:52:35');
INSERT INTO `lc_code` VALUES (158, 1494, '16yxj1', 1, '2017-03-23 14:34:03');
INSERT INTO `lc_code` VALUES (159, 23, 'kkk94m', 1, '2017-03-24 11:13:10');
INSERT INTO `lc_code` VALUES (160, 1502, '79n53f', 1, '2017-03-28 10:05:27');
INSERT INTO `lc_code` VALUES (161, 1503, 'lmtv7l', 1, '2017-03-28 16:43:29');
INSERT INTO `lc_code` VALUES (162, 1504, '14d7is', 1, '2017-03-28 16:44:41');
INSERT INTO `lc_code` VALUES (163, 1505, 'wjyvgi', 1, '2017-03-28 18:16:21');
INSERT INTO `lc_code` VALUES (164, 1510, 'w13ha7', 1, '2017-03-30 20:03:16');
INSERT INTO `lc_code` VALUES (165, 1518, '4ihsnk', 1, '2017-04-06 00:26:00');
INSERT INTO `lc_code` VALUES (166, 1520, '88624e', 1, '2017-04-06 15:39:12');
INSERT INTO `lc_code` VALUES (167, 1523, 'n5j1c1', 1, '2017-04-06 17:58:27');
INSERT INTO `lc_code` VALUES (168, 1526, 't9ks41', 1, '2017-04-07 10:46:43');
INSERT INTO `lc_code` VALUES (169, 1517, 'b12ejd', 1, '2017-04-07 17:22:54');
INSERT INTO `lc_code` VALUES (170, 1528, 'lnw2gk', 1, '2017-04-10 16:18:16');
INSERT INTO `lc_code` VALUES (171, 1533, 'noturx', 1, '2017-04-13 09:56:55');
INSERT INTO `lc_code` VALUES (172, 1534, '8e3rgg', 1, '2017-04-13 17:04:37');
INSERT INTO `lc_code` VALUES (173, 15, 't9pe2u', 1, '2017-04-17 12:24:51');
INSERT INTO `lc_code` VALUES (174, 1539, 'fdvirf', 1, '2017-04-17 16:02:59');
INSERT INTO `lc_code` VALUES (175, 1540, 'wd3sgj', 1, '2017-04-18 23:35:04');
INSERT INTO `lc_code` VALUES (176, 1541, 'c386yz', 1, '2017-04-19 16:34:06');
INSERT INTO `lc_code` VALUES (177, 1542, '36e6yu', 1, '2017-04-19 17:19:00');
INSERT INTO `lc_code` VALUES (178, 1543, 'ms3c66', 1, '2017-04-21 10:39:02');
INSERT INTO `lc_code` VALUES (179, 1544, '6mk24b', 1, '2017-04-21 18:46:40');
INSERT INTO `lc_code` VALUES (180, 1546, 'h1pku5', 1, '2017-04-23 13:59:40');
INSERT INTO `lc_code` VALUES (181, 1547, '469cd7', 1, '2017-04-24 10:57:11');
INSERT INTO `lc_code` VALUES (182, 1548, 'bgepnd', 1, '2017-04-25 16:29:51');
INSERT INTO `lc_code` VALUES (183, 1549, 'ja5nmb', 1, '2017-04-26 12:04:33');
INSERT INTO `lc_code` VALUES (184, 1550, 'utxew2', 1, '2017-04-26 14:35:49');
INSERT INTO `lc_code` VALUES (185, 1551, 'qe3fzx', 1, '2017-04-27 11:33:42');
INSERT INTO `lc_code` VALUES (186, 1552, 'l34vgh', 1, '2017-04-27 12:15:52');
INSERT INTO `lc_code` VALUES (187, 1554, '2ryhhl', 1, '2017-04-29 20:27:06');
INSERT INTO `lc_code` VALUES (188, 1555, 'u1wzpi', 1, '2017-05-03 13:28:17');
INSERT INTO `lc_code` VALUES (189, 1556, 'akc7y8', 1, '2017-05-03 15:58:08');
INSERT INTO `lc_code` VALUES (190, 1557, 'apne4m', 1, '2017-05-07 19:08:43');
INSERT INTO `lc_code` VALUES (191, 1562, 'cqqhl6', 1, '2017-05-11 16:17:53');
INSERT INTO `lc_code` VALUES (192, 1563, 'zoyx5f', 1, '2017-05-12 18:03:26');
INSERT INTO `lc_code` VALUES (193, 1564, 'jzhfy7', 1, '2017-05-15 16:04:01');
INSERT INTO `lc_code` VALUES (194, 1565, 'y9rbhp', 1, '2017-05-15 19:52:40');
INSERT INTO `lc_code` VALUES (195, 1567, 'kre76j', 1, '2017-05-15 23:47:32');
INSERT INTO `lc_code` VALUES (196, 66, 'uiakzw', 1, '2017-05-16 23:21:38');
INSERT INTO `lc_code` VALUES (197, 1571, 'qykowq', 1, '2017-05-16 23:22:17');
INSERT INTO `lc_code` VALUES (198, 1572, '4fqlvp', 1, '2017-05-17 18:03:10');
INSERT INTO `lc_code` VALUES (199, 1573, 'suyk6f', 1, '2017-05-17 18:32:00');
INSERT INTO `lc_code` VALUES (200, 1574, 'aq7oyd', 1, '2017-05-17 19:22:45');
INSERT INTO `lc_code` VALUES (201, 921, '8svjcv', 1, '2017-05-17 22:07:08');
INSERT INTO `lc_code` VALUES (202, 1577, 'f2t0rq', 1, '2017-05-18 16:46:25');
INSERT INTO `lc_code` VALUES (203, 1578, 'qv6gh1', 1, '2017-05-18 17:40:21');
INSERT INTO `lc_code` VALUES (204, 1587, '5aw3u2', 1, '2017-05-24 12:26:12');
INSERT INTO `lc_code` VALUES (205, 1590, 'j4trtr', 1, '2017-05-25 16:40:32');
INSERT INTO `lc_code` VALUES (206, 1592, '52j0lw', 1, '2017-05-31 09:41:57');
INSERT INTO `lc_code` VALUES (207, 1040, 'w0yp0p', 1, '2017-06-06 09:16:34');
INSERT INTO `lc_code` VALUES (208, 1598, 'grlm72', 1, '2017-06-07 22:07:25');
INSERT INTO `lc_code` VALUES (209, 1600, 'occkg7', 1, '2017-06-08 09:24:36');
INSERT INTO `lc_code` VALUES (210, 1604, 'n0bgs4', 1, '2017-06-08 16:49:58');
INSERT INTO `lc_code` VALUES (211, 1605, '7x7rxs', 1, '2017-06-08 17:03:23');
INSERT INTO `lc_code` VALUES (212, 1558, 'nutmku', 1, '2017-06-09 13:32:13');
INSERT INTO `lc_code` VALUES (213, 1607, 'c0lxmt', 1, '2017-06-14 16:00:27');
INSERT INTO `lc_code` VALUES (214, 1608, '0a6cvm', 1, '2017-06-19 14:39:55');
INSERT INTO `lc_code` VALUES (215, 1609, 'jinvzf', 1, '2017-06-19 21:41:55');
INSERT INTO `lc_code` VALUES (216, 1610, '06c7ya', 1, '2017-06-20 09:17:43');
INSERT INTO `lc_code` VALUES (217, 1611, 'zl4t8o', 1, '2017-06-20 09:56:16');
INSERT INTO `lc_code` VALUES (218, 1613, 'nkp8hb', 1, '2017-06-20 23:44:31');
INSERT INTO `lc_code` VALUES (219, 1614, '1hm7uh', 1, '2017-06-21 16:41:24');
INSERT INTO `lc_code` VALUES (220, 1615, 'ue0i9z', 1, '2017-06-21 17:57:54');
INSERT INTO `lc_code` VALUES (221, 1616, 'x96ag4', 1, '2017-06-21 18:45:34');
INSERT INTO `lc_code` VALUES (222, 1619, 'kgqp9y', 1, '2017-06-26 18:35:39');
INSERT INTO `lc_code` VALUES (223, 1629, 'ewi350', 1, '2017-07-03 16:57:21');
INSERT INTO `lc_code` VALUES (224, 1630, 'e7h0fc', 1, '2017-07-03 19:02:35');
INSERT INTO `lc_code` VALUES (225, 1631, 'i9qir0', 1, '2017-07-03 22:11:04');
INSERT INTO `lc_code` VALUES (226, 107, 'hp9nzq', 1, '2017-07-11 09:11:59');
INSERT INTO `lc_code` VALUES (227, 4, 'rk6i9f', 1, '2017-07-18 11:27:02');
INSERT INTO `lc_code` VALUES (228, 1217, 'gnczqi', 1, '2017-07-21 10:58:14');
INSERT INTO `lc_code` VALUES (229, 1588, 'z5ph64', 1, '2017-07-26 09:42:53');
INSERT INTO `lc_code` VALUES (230, 1704, 'toek66', 1, '2017-07-27 12:21:50');
INSERT INTO `lc_code` VALUES (231, 1707, 'knwtbv', 1, '2017-07-27 21:59:31');
INSERT INTO `lc_code` VALUES (232, 1720, 'j2gqlq', 1, '2017-08-07 10:15:18');
INSERT INTO `lc_code` VALUES (233, 1727, '61di04', 1, '2017-08-10 09:36:56');
INSERT INTO `lc_code` VALUES (234, 1730, '10aqhg', 1, '2017-08-10 16:29:36');
INSERT INTO `lc_code` VALUES (235, 1736, 'vb59vb', 1, '2017-08-14 15:46:25');
INSERT INTO `lc_code` VALUES (236, 1737, 'gfzc9a', 1, '2017-08-15 14:16:40');
INSERT INTO `lc_code` VALUES (237, 1738, '8tdojy', 1, '2017-08-15 15:03:30');
INSERT INTO `lc_code` VALUES (238, 1743, 'ep0s81', 1, '2017-08-24 15:21:51');
INSERT INTO `lc_code` VALUES (239, 1747, 'x9180j', 1, '2017-08-30 18:19:23');
INSERT INTO `lc_code` VALUES (240, 1748, 'pvuu5p', 1, '2017-08-31 20:28:34');
INSERT INTO `lc_code` VALUES (241, 1753, '6l55xe', 1, '2017-09-05 15:05:03');
INSERT INTO `lc_code` VALUES (242, 1755, 'g68tur', 1, '2017-09-06 22:32:42');
INSERT INTO `lc_code` VALUES (243, 1757, 's9hs2q', 1, '2017-09-07 15:10:30');
INSERT INTO `lc_code` VALUES (244, 1759, 'u00w81', 1, '2017-09-11 11:43:36');
INSERT INTO `lc_code` VALUES (245, 1762, 'fxw9s2', 1, '2017-09-11 15:48:31');
INSERT INTO `lc_code` VALUES (246, 1763, 'zyn54l', 1, '2017-09-11 19:35:07');
INSERT INTO `lc_code` VALUES (247, 1764, 'jkrrdm', 1, '2017-09-11 19:53:34');
INSERT INTO `lc_code` VALUES (248, 1765, 'j5w1yz', 1, '2017-09-13 11:02:02');
INSERT INTO `lc_code` VALUES (249, 1017, 'rtzsp7', 1, '2017-09-13 17:04:42');
INSERT INTO `lc_code` VALUES (250, 1768, 't45qex', 1, '2017-09-14 15:47:07');
INSERT INTO `lc_code` VALUES (251, 1769, 'sewfj0', 1, '2017-09-14 15:48:21');
INSERT INTO `lc_code` VALUES (252, 1772, '13ktvx', 1, '2017-09-18 09:13:00');
INSERT INTO `lc_code` VALUES (253, 1773, 'ge3dg2', 1, '2017-09-18 10:30:17');
INSERT INTO `lc_code` VALUES (254, 1776, 'c8vb0l', 1, '2017-09-19 10:56:25');
INSERT INTO `lc_code` VALUES (255, 1777, 'iuqok4', 1, '2017-09-19 14:26:59');
INSERT INTO `lc_code` VALUES (256, 1778, 'mcjis2', 1, '2017-09-20 08:51:29');
INSERT INTO `lc_code` VALUES (257, 1780, 'it52n1', 1, '2017-09-20 11:14:23');
INSERT INTO `lc_code` VALUES (258, 55, '03f4hw', 1, '2017-09-21 21:30:08');
INSERT INTO `lc_code` VALUES (259, 1785, '7t4344', 1, '2017-09-25 12:37:36');
INSERT INTO `lc_code` VALUES (260, 1788, 'onyebi', 1, '2017-09-26 12:21:57');
INSERT INTO `lc_code` VALUES (261, 1794, 'jxv2fn', 1, '2017-09-27 09:25:29');
INSERT INTO `lc_code` VALUES (262, 1729, '4yha05', 1, '2017-09-27 22:38:49');
INSERT INTO `lc_code` VALUES (263, 1799, 'b09r5q', 1, '2017-09-30 12:59:14');
INSERT INTO `lc_code` VALUES (264, 1801, 'ocjsfn', 1, '2017-10-09 14:31:12');
INSERT INTO `lc_code` VALUES (265, 1802, 'x4awim', 1, '2017-10-09 15:00:06');
INSERT INTO `lc_code` VALUES (266, 1805, 'e1ka40', 1, '2017-10-10 09:14:57');
INSERT INTO `lc_code` VALUES (267, 959, 'x9yfjy', 1, '2017-10-10 12:58:16');
INSERT INTO `lc_code` VALUES (268, 1807, 'kvztn5', 1, '2017-10-10 14:42:24');
INSERT INTO `lc_code` VALUES (269, 1809, 'jbh34x', 1, '2017-10-10 16:33:20');
INSERT INTO `lc_code` VALUES (270, 1810, 'q111xk', 1, '2017-10-11 10:42:46');
INSERT INTO `lc_code` VALUES (271, 1811, 'ocl8mp', 1, '2017-10-11 17:05:16');
INSERT INTO `lc_code` VALUES (272, 1812, '8kz70i', 1, '2017-10-12 14:13:17');
INSERT INTO `lc_code` VALUES (273, 1813, '5ke5e2', 1, '2017-10-12 17:29:45');
INSERT INTO `lc_code` VALUES (274, 1814, 'ayes1i', 1, '2017-10-12 23:28:29');
INSERT INTO `lc_code` VALUES (275, 1817, 'psjruh', 1, '2017-10-18 11:22:17');
INSERT INTO `lc_code` VALUES (276, 1823, 'bitwqg', 1, '2017-10-23 10:32:51');
INSERT INTO `lc_code` VALUES (277, 1829, 'mz0l60', 1, '2017-10-25 19:46:17');
INSERT INTO `lc_code` VALUES (278, 1833, '4clji0', 1, '2017-10-26 21:45:32');
INSERT INTO `lc_code` VALUES (279, 1834, 'msz0k0', 1, '2017-10-27 12:21:25');
INSERT INTO `lc_code` VALUES (280, 1837, 'iat21n', 1, '2017-10-31 15:53:20');
INSERT INTO `lc_code` VALUES (281, 1838, 'jc5d9w', 1, '2017-10-31 18:54:27');
INSERT INTO `lc_code` VALUES (282, 1839, 'twwui2', 1, '2017-11-01 16:53:49');
INSERT INTO `lc_code` VALUES (283, 1842, 'vnfg6x', 1, '2017-11-02 19:55:07');
INSERT INTO `lc_code` VALUES (284, 1843, 'htqgtb', 1, '2017-11-02 20:44:32');
INSERT INTO `lc_code` VALUES (285, 1881, 'hclafn', 1, '2017-12-06 21:14:39');
INSERT INTO `lc_code` VALUES (286, 1322, 'xyz3c9', 1, '2017-12-14 15:32:39');
INSERT INTO `lc_code` VALUES (287, 77, 'z56vzo', 1, '2017-12-15 15:19:47');
INSERT INTO `lc_code` VALUES (288, 1904, 'yubebi', 1, '2017-12-22 11:31:34');
INSERT INTO `lc_code` VALUES (289, 1906, 'bsb295', 1, '2017-12-23 09:59:35');
INSERT INTO `lc_code` VALUES (290, 1907, 'dqhy1w', 1, '2017-12-23 11:35:58');
INSERT INTO `lc_code` VALUES (291, 1909, 'mzvm28', 1, '2018-01-04 11:04:28');
INSERT INTO `lc_code` VALUES (292, 1912, 'v2d1xd', 1, '2018-01-09 09:28:58');
INSERT INTO `lc_code` VALUES (293, 1913, 'qw71aj', 1, '2018-01-13 02:30:16');
INSERT INTO `lc_code` VALUES (294, 1918, 'kmcwol', 1, '2018-01-31 12:00:22');
INSERT INTO `lc_code` VALUES (295, 1919, '11cj0d', 1, '2018-01-31 12:25:30');
INSERT INTO `lc_code` VALUES (296, 1920, 'gmcc8f', 1, '2018-01-31 12:54:22');
INSERT INTO `lc_code` VALUES (297, 1927, 'k4hy5f', 1, '2018-02-26 17:39:16');
INSERT INTO `lc_code` VALUES (298, 1929, 'bvbjxm', 1, '2018-02-27 09:33:09');
INSERT INTO `lc_code` VALUES (299, 1939, '2i9fex', 1, '2018-03-08 14:06:05');
INSERT INTO `lc_code` VALUES (300, 1941, '1gzd00', 1, '2018-03-09 15:09:12');
INSERT INTO `lc_code` VALUES (301, 1942, 'rhn4tw', 1, '2018-03-09 15:11:00');
INSERT INTO `lc_code` VALUES (302, 1943, 'je00c6', 1, '2018-03-09 15:14:50');
INSERT INTO `lc_code` VALUES (303, 1944, 'fn2r70', 1, '2018-03-09 15:18:43');
INSERT INTO `lc_code` VALUES (304, 1945, 'dainpx', 1, '2018-03-09 15:21:10');
INSERT INTO `lc_code` VALUES (305, 1946, 'kqek4f', 1, '2018-03-09 15:23:21');

-- ----------------------------
-- Table structure for lc_member
-- ----------------------------
DROP TABLE IF EXISTS `lc_member`;
CREATE TABLE `lc_member`  (
  `uid` int(11) UNSIGNED NOT NULL AUTO_INCREMENT,
  `real_name` varchar(100) CHARACTER SET utf8 COLLATE utf8_general_ci NULL DEFAULT NULL COMMENT '昵称',
  `nick_name` varchar(100) CHARACTER SET utf8 COLLATE utf8_general_ci NULL DEFAULT NULL COMMENT '真实姓名',
  `head_img` varchar(60) CHARACTER SET utf8 COLLATE utf8_general_ci NULL DEFAULT NULL,
  `mobile` varchar(20) CHARACTER SET utf8 COLLATE utf8_general_ci NULL DEFAULT NULL,
  `email` varchar(100) CHARACTER SET utf8 COLLATE utf8_general_ci NULL DEFAULT NULL,
  `type` int(11) NULL DEFAULT NULL COMMENT '类型，主要用于外协人员（1项目经理，2招聘经理）',
  `sign_time` int(11) NULL DEFAULT NULL COMMENT '协议签订日期',
  `sign_time_end` int(11) NULL DEFAULT NULL COMMENT '协议结束日期',
  `sign_pic` varchar(150) CHARACTER SET utf8 COLLATE utf8_general_ci NULL DEFAULT NULL COMMENT '协议附件',
  `cardid` int(25) NULL DEFAULT NULL COMMENT '身份证号码',
  `recom_success` int(11) NULL DEFAULT NULL COMMENT '成功推荐',
  `recom_sum` int(11) NULL DEFAULT NULL COMMENT '总推荐',
  PRIMARY KEY (`uid`) USING BTREE
) ENGINE = MyISAM AUTO_INCREMENT = 1 CHARACTER SET = utf8 COLLATE = utf8_general_ci ROW_FORMAT = Dynamic;

SET FOREIGN_KEY_CHECKS = 1;
